[
  {
    "id": "bd56187f6d7a30821d32e5ea",
    "genericSkillType": "S2AT",
    "factor": 0.5,
    "lastUpdated": 0.0
  },
  {
    "id": "bc124707c925c3394850c06a",
    "genericSkillType": "FC_6x2",
    "factor": 0.5,
    "lastUpdated": 0.0
  },
  {
    "id": "198fdf8dd306b12628e1cc69",
    "genericSkillType": "FC_2x1",
    "factor": 0.5,
    "lastUpdated": 0.0
  },
  {
    "id": "0bb3bf6e1327658170e11be6",
    "genericSkillType": "FC_3x1_R1MP",
    "factor": 0.5,
    "lastUpdated": 0.0
  },
  {
    "id": "bd42133a5836bd07f29441b3",
    "genericSkillType": "FC_6x4",
    "factor": 0.5,
    "lastUpdated": 0.0
  },
  {
    "id": "a8be06531b7087353c20b263",
    "genericSkillType": "FC_2x2x1",
    "factor": 0.3,
    "lastUpdated": 0.0
  }
]