[
  {
    "id": "0cecc37a3e1fc8440bef238d",
    "genericSkillType": "FC_1x1",
    "factor": 1.0,
    "lastUpdated": 0.0
  },
  {
    "id": "c53fcd2c4193d099d37c42d1",
    "genericSkillType": "FC_2x1",
    "factor": 1.0,
    "lastUpdated": 0.0
  },
  {
    "id": "21fef1c2d6fede99b6838ff3",
    "genericSkillType": "FC_4x1x1",
    "factor": 1.0,
    "lastUpdated": 0.0
  },
  {
    "id": "70f61bc29cb2783944bc0353",
    "genericSkillType": "FC_4x2",
    "factor": 1.0,
    "lastUpdated": 0.0
  },
  {
    "id": "d2095813a6d3fa522d2aa47a",
    "genericSkillType": "FC_4x1",
    "factor": 1.0,
    "lastUpdated": 0.0
  }
]