[
  {
    "id": "28a97efbf0ca6cb6938fd264",
    "genericSkillType": "W1EELHOUS2_REC2",
    "factor": 0.3,
    "lastUpdated": 0.0
  },
  {
    "id": "d6f9037a48b74b4a8cdf4676",
    "genericSkillType": "R1MP_4x1",
    "factor": 0.3,
    "lastUpdated": 0.0
  },
  {
    "id": "08fd2c3ce201ce0c81ac8565",
    "genericSkillType": "FC_3x1",
    "factor": 0.3,
    "lastUpdated": 0.0
  },
  {
    "id": "adfb48e84d15de6c18b666dc",
    "genericSkillType": "J_6x4x1",
    "factor": 0.3,
    "lastUpdated": 0.0
  },
  {
    "id": "1a243a5f80186e49390661e2",
    "genericSkillType": "FC_4x2x1",
    "factor": 0.3,
    "lastUpdated": 0.0
  },
  {
    "id": "12f2507bb2b93d2341f5e3fc",
    "genericSkillType": "FC_3x2",
    "factor": 0.3,
    "lastUpdated": 0.0
  }
]