[
  {
    "id": "40128e98f7b78c40c686527d",
    "genericSkillType": "FC_3x1",
    "factor": 1.0,
    "lastUpdated": 0.0
  },
  {
    "id": "f0065702849cebd797d37929",
    "genericSkillType": "FC_6x1",
    "factor": 1.0,
    "lastUpdated": 0.0
  },
  {
    "id": "7fa0e5abe412c92deaea58dc",
    "genericSkillType": "FC_4x1",
    "factor": 1.0,
    "lastUpdated": 0.0
  },
  {
    "id": "9afe41c795919314b6ff7dce",
    "genericSkillType": "FC_3x2",
    "factor": 1.0,
    "lastUpdated": 0.0
  },
  {
    "id": "915541444bdfbc5acf8bb059",
    "genericSkillType": "FC_6x2",
    "factor": 1.0,
    "lastUpdated": 0.0
  },
  {
    "id": "9b87925960259d7668ab3403",
    "genericSkillType": "FC_4x2",
    "factor": 1.0,
    "lastUpdated": 0.0
  }
]