[
  {
    "id": "9a259ad4b103eda553cfeeaf",
    "genericSkillType": "FC_2x1",
    "factor": 0.3,
    "lastUpdated": 0.0
  },
  {
    "id": "1e6ac2d73bec8f47bffb20e7",
    "genericSkillType": "FC_3x1",
    "factor": 0.3,
    "lastUpdated": 0.0
  },
  {
    "id": "be7f9cb8fcec6587d525f36d",
    "genericSkillType": "FC_6x1",
    "factor": 0.3,
    "lastUpdated": 0.0
  },
  {
    "id": "5ecb4aec6c54e8843ecfdb9e",
    "genericSkillType": "FC_4x1",
    "factor": 0.3,
    "lastUpdated": 0.0
  },
  {
    "id": "63ebd910c88a0a5ad77c12b8",
    "genericSkillType": "FC_3x2",
    "factor": 0.3,
    "lastUpdated": 0.0
  },
  {
    "id": "91207a57de051559d305be2f",
    "genericSkillType": "FC_6x2",
    "factor": 0.3,
    "lastUpdated": 0.0
  },
  {
    "id": "bc12627df22761d777372a70",
    "genericSkillType": "FC_4x2",
    "factor": 0.3,
    "lastUpdated": 0.0
  }
]