[
  {
    "id": "6a072f807350b4169e60d39c",
    "genericSkillType": "FC_3x2",
    "factor": 0.5,
    "lastUpdated": 0.0
  },
  {
    "id": "7bb571bb54f60819e6d33056",
    "genericSkillType": "FC_2x2",
    "factor": 0.5,
    "lastUpdated": 0.0
  },
  {
    "id": "238014da8508f96d6cf5d013",
    "genericSkillType": "FC_4x1x1",
    "factor": 0.5,
    "lastUpdated": 0.0
  },
  {
    "id": "ba9c4a0753c371d45910d0e8",
    "genericSkillType": "FC_3x2x1",
    "factor": 0.5,
    "lastUpdated": 0.0
  }
]