[
  {
    "id": "17428c1713858a4fc6857856",
    "genericSkillType": "FC_3x2",
    "factor": 0.5,
    "lastUpdated": 0.0
  },
  {
    "id": "85dd5dde2116b0865e68419b",
    "genericSkillType": "FC_2x2",
    "factor": 0.5,
    "lastUpdated": 0.0
  },
  {
    "id": "7b3c10ecee62ccf94f822b6e",
    "genericSkillType": "FC_4x1x1",
    "factor": 0.5,
    "lastUpdated": 0.0
  },
  {
    "id": "725e66fc33cf2897729fa79f",
    "genericSkillType": "FC_3x2x1",
    "factor": 0.5,
    "lastUpdated": 0.0
  }
]