[
  {
    "id": "99969b8993ba78826ca4dbfe",
    "genericSkillType": "ST_W1EEL",
    "factor": 0.3,
    "lastUpdated": 0.0
  },
  {
    "id": "326ba378bc2887af31e1076d",
    "genericSkillType": "FC_4x1",
    "factor": 0.3,
    "lastUpdated": 0.0
  },
  {
    "id": "203940c726879ba88d1efe7e",
    "genericSkillType": "W1EELHOUS2_REC2",
    "factor": 0.3,
    "lastUpdated": 0.0
  },
  {
    "id": "2bdd227729a66f0e8a631a7b",
    "genericSkillType": "FC_4x1_R1MP",
    "factor": 0.3,
    "lastUpdated": 0.0
  },
  {
    "id": "ec46e35c54256a32ebdf3fe6",
    "genericSkillType": "FC_6x1",
    "factor": 0.3,
    "lastUpdated": 0.0
  },
  {
    "id": "47dac438f2ab5da7f0aadcce",
    "genericSkillType": "FC_4x1x1",
    "factor": 0.3,
    "lastUpdated": 0.0
  },
  {
    "id": "365569b0a09dce1b110c838e",
    "genericSkillType": "J_4x1",
    "factor": 0.3,
    "lastUpdated": 0.0
  }
]