[
  {
    "id": "ca15aa71dd1c54905ca8013d",
    "genericSkillType": "J",
    "factor": 0.75,
    "lastUpdated": 0.0
  },
  {
    "id": "029f703a35c5d4ba6cb5d10b",
    "genericSkillType": "M",
    "factor": 1.0,
    "lastUpdated": 0.0
  },
  {
    "id": "c3ab62690f714134dbaf40fa",
    "genericSkillType": "FC_4x1x1",
    "factor": 1.0,
    "lastUpdated": 0.0
  },
  {
    "id": "d3c36ef371db23d1cc7855ed",
    "genericSkillType": "W1EELHOUS2_F4ONT",
    "factor": 0.75,
    "lastUpdated": 0.0
  }
]