[
  {
    "id": "1f0bdcdffb9cd82c9111b6c6",
    "genericSkillType": "DASHBOC2D",
    "factor": 0.3,
    "lastUpdated": 0.0
  },
  {
    "id": "01f90459e03534fcda8cb3dd",
    "genericSkillType": "FC_3x2",
    "factor": 0.3,
    "lastUpdated": 0.0
  },
  {
    "id": "353c3dd48dfcc9da817fb1ec",
    "genericSkillType": "RI_1x1",
    "factor": 0.3,
    "lastUpdated": 0.0
  },
  {
    "id": "f4f1c03c36036e573bd7fbde",
    "genericSkillType": "FC_6x1",
    "factor": 0.3,
    "lastUpdated": 0.0
  },
  {
    "id": "b1530274a3b08c3ac3f70f8f",
    "genericSkillType": "FC_4x1",
    "factor": 0.3,
    "lastUpdated": 0.0
  },
  {
    "id": "c94d48dcdaba9b29fc9f23d4",
    "genericSkillType": "FC_4x2x1",
    "factor": 0.3,
    "lastUpdated": 0.0
  }
]