[
  {
    "id": "7a7dcdb08f93bbd7ec584720",
    "genericSkillType": "A",
    "factor": 1.0,
    "lastUpdated": 0.0
  },
  {
    "id": "e614d75aa016757006028127",
    "genericSkillType": "FC_3x1",
    "factor": 1.0,
    "lastUpdated": 0.0
  },
  {
    "id": "9d73381969d4132c86d6df62",
    "genericSkillType": "FC_6x1",
    "factor": 1.0,
    "lastUpdated": 0.0
  },
  {
    "id": "52fb8cfcb37e2dbece12d867",
    "genericSkillType": "FC_4x1",
    "factor": 1.0,
    "lastUpdated": 0.0
  },
  {
    "id": "134e87ea8bcdd0611b7ab1ac",
    "genericSkillType": "FC_3x2",
    "factor": 1.0,
    "lastUpdated": 0.0
  },
  {
    "id": "88418d42b921191e6525f6dc",
    "genericSkillType": "FC_6x2",
    "factor": 1.0,
    "lastUpdated": 0.0
  },
  {
    "id": "caeb5364d753c247052b0366",
    "genericSkillType": "FC_4x2",
    "factor": 1.0,
    "lastUpdated": 0.0
  }
]