[
  {
    "id": "4f857aeedeead5f8496c8467",
    "genericSkillType": "FC_1x1",
    "factor": 1.0,
    "lastUpdated": 0.0
  },
  {
    "id": "1784d99243971303ea32e6b2",
    "genericSkillType": "FC_2x1",
    "factor": 1.0,
    "lastUpdated": 0.0
  },
  {
    "id": "5de5c593fe075b2fae5c94cb",
    "genericSkillType": "G21",
    "factor": 1.0,
    "lastUpdated": 0.0
  },
  {
    "id": "6619bfb0132db9c62d6f6a82",
    "genericSkillType": "RI_2x1",
    "factor": 1.0,
    "lastUpdated": 0.0
  }
]