[
  {
    "id": "a61b6d1ebb0ca47564b605a4",
    "genericSkillType": "FC_2x2",
    "factor": 1.0,
    "lastUpdated": 0.0
  },
  {
    "id": "bc1c22503a569c9e2bf5428a",
    "genericSkillType": "FC_2x1",
    "factor": 1.0,
    "lastUpdated": 0.0
  },
  {
    "id": "d80a302c2921349c6b6f5aa6",
    "genericSkillType": "WELD_6x1",
    "factor": 1.0,
    "lastUpdated": 0.0
  },
  {
    "id": "0280ab390129a5315a9b154e",
    "genericSkillType": "WELD_3x2",
    "factor": 1.0,
    "lastUpdated": 0.0
  }
]