[
  {
    "id": "8591fa1fbcc04489006f7636",
    "genericSkillType": "DASHBOC2D",
    "factor": 0.3,
    "lastUpdated": 0.0
  },
  {
    "id": "db03428693bce342f87b24a9",
    "genericSkillType": "FC_4x1",
    "factor": 0.3,
    "lastUpdated": 0.0
  },
  {
    "id": "7848a616a8fd8a3aee8283af",
    "genericSkillType": "FC_2x1",
    "factor": 0.3,
    "lastUpdated": 0.0
  },
  {
    "id": "79f7950f1ef7857455dd4fc2",
    "genericSkillType": "A",
    "factor": 0.3,
    "lastUpdated": 0.0
  },
  {
    "id": "9752a824cab3defdba736325",
    "genericSkillType": "FC_4x2",
    "factor": 0.3,
    "lastUpdated": 0.0
  },
  {
    "id": "85c0f25b5d52e51e2d908674",
    "genericSkillType": "FC_2x1x1",
    "factor": 0.3,
    "lastUpdated": 0.0
  }
]