[
  {
    "id": "56d665a64365339403b9789f",
    "genericSkillType": "RI_2x1",
    "factor": 0.75,
    "lastUpdated": 0.0
  },
  {
    "id": "2429c4de3fa7b63b6b095fd1",
    "genericSkillType": "LIGHT_4x1",
    "factor": 0.75,
    "lastUpdated": 0.0
  },
  {
    "id": "69d50e243f1b2525463c5205",
    "genericSkillType": "FC_2x1x1",
    "factor": 0.75,
    "lastUpdated": 0.0
  },
  {
    "id": "d42b8154f7c2ede70f3a6464",
    "genericSkillType": "FC_2x2",
    "factor": 0.75,
    "lastUpdated": 0.0
  },
  {
    "id": "9fef5797bf0d2afdeac29a0e",
    "genericSkillType": "FC_3x2",
    "factor": 0.75,
    "lastUpdated": 0.0
  },
  {
    "id": "6b2ad40a4abf218ea83f5c2c",
    "genericSkillType": "RI_1x1",
    "factor": 0.75,
    "lastUpdated": 0.0
  },
  {
    "id": "fbf92901e55d8d64d1703eb1",
    "genericSkillType": "FC_6x1",
    "factor": 0.75,
    "lastUpdated": 0.0
  }
]