[
  {
    "id": "41b76a531468483334051a5a",
    "genericSkillType": "ST_W1EEL",
    "factor": 0.3,
    "lastUpdated": 0.0
  },
  {
    "id": "6fc7fca041881a0d82c0adc7",
    "genericSkillType": "FC_4x1",
    "factor": 0.3,
    "lastUpdated": 0.0
  },
  {
    "id": "a625d4eb9b46fe675d8e394f",
    "genericSkillType": "REC2_WINDOW",
    "factor": 0.3,
    "lastUpdated": 0.0
  },
  {
    "id": "749d9dfc778eff41c5300a92",
    "genericSkillType": "FC_4x1_R1MP",
    "factor": 0.3,
    "lastUpdated": 0.0
  },
  {
    "id": "5e735a5255a92ae4fca6c6d9",
    "genericSkillType": "FC_6x1",
    "factor": 0.3,
    "lastUpdated": 0.0
  },
  {
    "id": "66fe2358cdcb2f9676efacb0",
    "genericSkillType": "FC_4x1x1",
    "factor": 0.3,
    "lastUpdated": 0.0
  },
  {
    "id": "a9aa7a0bfe4d1b3882640f33",
    "genericSkillType": "J_4x1",
    "factor": 0.3,
    "lastUpdated": 0.0
  }
]