[
  {
    "id": "7e08b3df254ad1505d9a2c47",
    "genericSkillType": "J",
    "factor": 0.5,
    "lastUpdated": 0.0
  },
  {
    "id": "10c41373785db44ad9d5a426",
    "genericSkillType": "WELD_8x1",
    "factor": 0.5,
    "lastUpdated": 0.0
  },
  {
    "id": "01cf22f5eda273c051164582",
    "genericSkillType": "FC_8x1",
    "factor": 0.5,
    "lastUpdated": 0.0
  },
  {
    "id": "a8f66e8f48e0c6514cd03ae9",
    "genericSkillType": "FC_4x1",
    "factor": 0.5,
    "lastUpdated": 0.0
  },
  {
    "id": "215982b8e3704ba2aa6195e3",
    "genericSkillType": "FC_2x1_R1MP",
    "factor": 0.5,
    "lastUpdated": 0.0
  }
]