[
  {
    "id": "ca3fa5bc61a91e975cf7d82b",
    "genericSkillType": "F",
    "factor": 1.0,
    "lastUpdated": 0.0
  },
  {
    "id": "7c846465e9d462590fbc4983",
    "genericSkillType": "FC_2x2",
    "factor": 1.0,
    "lastUpdated": 0.0
  },
  {
    "id": "f3880c5e76eb598862c4e61b",
    "genericSkillType": "FC_2x1",
    "factor": 1.0,
    "lastUpdated": 0.0
  },
  {
    "id": "3336a16105d84323c42428c4",
    "genericSkillType": "FC_2x1_R1MP",
    "factor": 1.0,
    "lastUpdated": 0.0
  }
]