[
  {
    "level": 1,
    "productDescriptor": "C1_LV_9",
    "customerId": "LV_9",
    "id": "650bfb130335464a8cb14d8e",
    "lastUpdated": 10524.0,
    "locationEntityId": "ab338a7f0448b3bd38e8d550"
  },
  {
    "level": 1,
    "productDescriptor": "C2_BI_9",
    "customerId": "BI_9",
    "id": "650bfbae0335464a8cb16ff3",
    "lastUpdated": 10524.0,
    "locationEntityId": "54cc0e54328883714ca693b7"
  },
  {
    "level": 1,
    "productDescriptor": "C2_BI_9",
    "customerId": "BI_9",
    "id": "650bfbae0335464a8cb16ff3",
    "lastUpdated": 10524.0,
    "locationEntityId": "b2aa67f8ce21b98f331e2a01"
  }
]