[
  {
    "level": 1,
    "productDescriptor": "C1_VF_23",
    "customerId": "VF_23",
    "id": "650bf57c0335464a8cb05ee6",
    "lastUpdated": 998.0,
    "locationEntityId": "bfec9c1f025a40d511319fa0"
  },
  {
    "level": 1,
    "productDescriptor": "C1_KZ_56",
    "customerId": "KZ_56",
    "id": "650bf57c0335464a8cb05e74",
    "lastUpdated": 998.0,
    "locationEntityId": "a158a3bf57023ddac227200d"
  },
  {
    "level": 1,
    "productDescriptor": "C1_PM_55",
    "customerId": "PM_55",
    "id": "650bf57b0335464a8cb05838",
    "lastUpdated": 998.0,
    "locationEntityId": "dfa8e517773ff21dbc907c45"
  }
]