[
  {
    "level": 1,
    "productDescriptor": "C2_TA_54",
    "customerId": "TA_54",
    "id": "650bf57e0335464a8cb08b4b",
    "lastUpdated": 9245.0,
    "locationEntityId": "cad913497edf57b5d06a43ba"
  },
  {
    "level": 1,
    "productDescriptor": "C2_TA_54",
    "customerId": "TA_54",
    "id": "650bf57e0335464a8cb08b4b",
    "lastUpdated": 9245.0,
    "locationEntityId": "9e47bb46c013da8f6deddaa5"
  },
  {
    "level": 1,
    "productDescriptor": "C3_JF_54",
    "customerId": "JF_54",
    "id": "650bfb130335464a8cb14ee6",
    "lastUpdated": 9245.0,
    "locationEntityId": "fbefdec2f0015c2c45d7356f"
  }
]