[
  {
    "level": 1,
    "productDescriptor": "C3_KD_17",
    "customerId": "KD_17",
    "id": "650bf57c0335464a8cb06d2d",
    "lastUpdated": 7277.0,
    "locationEntityId": "87a6617421f32084ed087154"
  },
  {
    "level": 1,
    "productDescriptor": "C3_KD_17",
    "customerId": "KD_17",
    "id": "650bf57c0335464a8cb06d2d",
    "lastUpdated": 7277.0,
    "locationEntityId": "369d554e1d3262667c51fd4b"
  },
  {
    "level": 1,
    "productDescriptor": "C2_RG_52",
    "customerId": "RG_52",
    "id": "650bfb130335464a8cb1503f",
    "lastUpdated": 7277.0,
    "locationEntityId": "f4d62cf896a03f8bc5637c57"
  }
]