[
  {
    "level": 1,
    "productDescriptor": "C1_NL_73",
    "customerId": "NL_73",
    "id": "650bfe700335464a8cb1ff23",
    "lastUpdated": 11390.0,
    "locationEntityId": "58be3a730f8c44bd2575bc61"
  },
  {
    "level": 1,
    "productDescriptor": "C1_ZL_43",
    "customerId": "ZL_43",
    "id": "650bfe010335464a8cb1e020",
    "lastUpdated": 11390.0,
    "locationEntityId": "523f20ba00d2f88618cac2ff"
  },
  {
    "level": 1,
    "productDescriptor": "C1_ZL_43",
    "customerId": "ZL_43",
    "id": "650bfe010335464a8cb1e020",
    "lastUpdated": 11390.0,
    "locationEntityId": "a35f415f2ab9984249c4d708"
  }
]