[
  {
    "level": 1,
    "productDescriptor": "C3_EZ_42",
    "customerId": "EZ_42",
    "id": "650bfbae0335464a8cb16dca",
    "lastUpdated": 6110.0,
    "locationEntityId": "e63d8f1d7983feaa6a810aa5"
  },
  {
    "level": 1,
    "productDescriptor": "C3_NU_84",
    "customerId": "NU_84",
    "id": "650bfbae0335464a8cb16d57",
    "lastUpdated": 6110.0,
    "locationEntityId": "e01b53c86c00b2a018fd67aa"
  },
  {
    "level": 1,
    "productDescriptor": "C3_NU_84",
    "customerId": "NU_84",
    "id": "650bfbae0335464a8cb16d57",
    "lastUpdated": 6110.0,
    "locationEntityId": "8eb960a9faf42d976a6e00f2"
  }
]