[
  {
    "level": 1,
    "productDescriptor": "C2_YX_71",
    "customerId": "YX_71",
    "id": "650bfd2c0335464a8cb1bc1b",
    "lastUpdated": 8309.0,
    "locationEntityId": "474bfd25a0b71bc9d8dff46e"
  },
  {
    "level": 1,
    "productDescriptor": "C1_AG_37",
    "customerId": "AG_37",
    "id": "650bfd2c0335464a8cb1b757",
    "lastUpdated": 8309.0,
    "locationEntityId": "90f7bbaf9a480ab388370792"
  },
  {
    "level": 1,
    "productDescriptor": "C1_AG_37",
    "customerId": "AG_37",
    "id": "650bfd2c0335464a8cb1b757",
    "lastUpdated": 8309.0,
    "locationEntityId": "d4f7f514db4f1ae912c5cc9c"
  }
]