[
  {
    "id": "650bfc660335464a8cb18ee8",
    "description": "C1_UV_29_C1_R2_BRLL",
    "productId": "650bfc660335464a8cb18eef",
    "plannedFinished": "2019/01/01 08:03:05.000",
    "finished": "2019/01/01 08:05:53.000",
    "started": "2019/01/01 08:05:50.000",
    "quality": 9.0,
    "lastUpdated": 7553.0,
    "allocatedId": "f62a2ae2729866c28ffd04fa"
  },
  {
    "id": "650bfc660335464a8cb18ee9",
    "description": "C1_UV_29_C1_R2_BRLR",
    "productId": "650bfc660335464a8cb18eef",
    "plannedFinished": "2019/01/01 08:03:08.000",
    "started": "2019/01/01 08:05:53.000",
    "lastUpdated": 7553.0,
    "allocatedId": "f62a2ae2729866c28ffd04fa"
  }
]