[
  {
    "id": "650bf57b0335464a8cb05abe",
    "description": "C1_JU_39_C1_S1_F4S2CONL",
    "productId": "650bf57b0335464a8cb05a72",
    "plannedFinished": "2019/01/01 06:41:04.000",
    "finished": "2019/01/01 07:16:56.000",
    "started": "2019/01/01 07:16:45.000",
    "quality": 15.0,
    "lastUpdated": 4617.0,
    "allocatedId": "9ef526464e0053eb1ab54b96"
  },
  {
    "id": "650bf57b0335464a8cb05abf",
    "description": "C1_JU_39_C1_S1_F4S2CONR",
    "productId": "650bf57b0335464a8cb05a72",
    "plannedFinished": "2019/01/01 06:41:11.000",
    "started": "2019/01/01 07:16:56.000",
    "lastUpdated": 4617.0,
    "allocatedId": "9ef526464e0053eb1ab54b96"
  }
]