[
  {
    "id": "650bffdf0335464a8cb25210",
    "description": "C2_KX_0_C2_R2_BUMPR",
    "productId": "650bffdf0335464a8cb25212",
    "plannedFinished": "2019/01/01 08:49:01.000",
    "finished": "2019/01/01 08:54:35.000",
    "started": "2019/01/01 08:54:29.000",
    "quality": 12.0,
    "lastUpdated": 10476.0,
    "allocatedId": "6239eab0b1bb07fa88ecc5a2"
  },
  {
    "id": "650bffdf0335464a8cb2512b",
    "description": "C2_WU_57_C2_F2_BUFL",
    "productId": "650bffdf0335464a8cb2512e",
    "plannedFinished": "2019/01/01 08:48:32.000",
    "started": "2019/01/01 08:54:35.000",
    "lastUpdated": 10476.0,
    "allocatedId": "6239eab0b1bb07fa88ecc5a2"
  }
]