[
  {
    "id": "650bf57d0335464a8cb07f5a",
    "description": "C2_DL_17_C2_R2_LIR",
    "productId": "650bf57d0335464a8cb07f5f",
    "plannedFinished": "2019/01/01 06:10:06.000",
    "finished": "2019/01/01 06:08:09.000",
    "started": "2019/01/01 06:08:06.000",
    "quality": 7.0,
    "lastUpdated": 490.0,
    "allocatedId": "f62a2ae2729866c28ffd04fa"
  },
  {
    "id": "650bf57d0335464a8cb0716c",
    "description": "C3_GZ_32_C3_R2_RLL",
    "productId": "650bf57d0335464a8cb07172",
    "plannedFinished": "2019/01/01 06:10:12.000",
    "started": "2019/01/01 06:08:09.000",
    "lastUpdated": 490.0,
    "allocatedId": "f62a2ae2729866c28ffd04fa"
  }
]