[
  {
    "id": "650bf57b0335464a8cb0595f",
    "description": "C1_PO_73_C1_R3_LL",
    "productId": "650bf57b0335464a8cb0591c",
    "plannedFinished": "2019/01/01 06:31:38.000",
    "finished": "2019/01/01 07:00:36.000",
    "started": "2019/01/01 07:00:24.000",
    "quality": 12.0,
    "lastUpdated": 3636.0,
    "allocatedId": "4a9792d0bc9f23607a12615b"
  },
  {
    "id": "650bf57b0335464a8cb05960",
    "description": "C1_PO_73_C1_R3_LR",
    "productId": "650bf57b0335464a8cb0591c",
    "plannedFinished": "2019/01/01 06:31:44.000",
    "started": "2019/01/01 07:00:36.000",
    "lastUpdated": 3636.0,
    "allocatedId": "4a9792d0bc9f23607a12615b"
  }
]