[
  {
    "id": "650bfe010335464a8cb1e192",
    "description": "C1_WE_92_C1_F3_CONF",
    "productId": "650bfe010335464a8cb1e17d",
    "plannedFinished": "2019/01/01 08:32:11.000",
    "finished": "2019/01/01 09:23:57.000",
    "started": "2019/01/01 09:23:49.000",
    "quality": 6.0,
    "lastUpdated": 12238.0,
    "allocatedId": "9ef526464e0053eb1ab54b96"
  },
  {
    "id": "650bfe700335464a8cb1ffb4",
    "description": "C1_RN_56_C1_F3_CONF",
    "productId": "650bfe700335464a8cb1ff9f",
    "plannedFinished": "2019/01/01 08:43:29.000",
    "started": "2019/01/01 09:23:57.000",
    "lastUpdated": 12238.0,
    "allocatedId": "9ef526464e0053eb1ab54b96"
  }
]