[
  {
    "id": "650bf57d0335464a8cb07ac6",
    "description": "C3_NO_15_C3_F3_F3OL",
    "productId": "650bf57d0335464a8cb07aa7",
    "plannedFinished": "2019/01/01 06:58:44.000",
    "finished": "2019/01/01 07:20:46.000",
    "started": "2019/01/01 07:20:40.000",
    "quality": 11.0,
    "lastUpdated": 4847.0,
    "allocatedId": "f1987de3addc9193998b2324"
  },
  {
    "id": "650bf57d0335464a8cb07ac7",
    "description": "C3_NO_15_C3_F3_F3OR",
    "productId": "650bf57d0335464a8cb07aa7",
    "plannedFinished": "2019/01/01 06:58:50.000",
    "started": "2019/01/01 07:20:46.000",
    "lastUpdated": 4847.0,
    "allocatedId": "f1987de3addc9193998b2324"
  }
]