[
  {
    "id": "650bf57b0335464a8cb058da",
    "description": "C1_VA_16_C1_R2_RLL",
    "productId": "650bf57b0335464a8cb058df",
    "plannedFinished": "2019/01/01 06:35:23.000",
    "finished": "2019/01/01 06:37:20.000",
    "started": "2019/01/01 06:37:16.000",
    "quality": 11.0,
    "lastUpdated": 2241.0,
    "allocatedId": "f62a2ae2729866c28ffd04fa"
  },
  {
    "id": "650bf57b0335464a8cb058db",
    "description": "C1_VA_16_C1_R2_RLR",
    "productId": "650bf57b0335464a8cb058df",
    "plannedFinished": "2019/01/01 06:35:30.000",
    "started": "2019/01/01 06:37:20.000",
    "lastUpdated": 2241.0,
    "allocatedId": "f62a2ae2729866c28ffd04fa"
  }
]