[
  {
    "id": "650bf57b0335464a8cb05d0d",
    "description": "C1_GP_95_C1_W1_WFL",
    "productId": "650bf57b0335464a8cb05cac",
    "plannedFinished": "2019/01/01 06:27:41.000",
    "finished": "2019/01/01 06:38:28.000",
    "started": "2019/01/01 06:38:16.000",
    "quality": 5.0,
    "lastUpdated": 2308.0,
    "allocatedId": "a14d7daef6c3e007be5c3d79"
  },
  {
    "id": "650bf57d0335464a8cb07772",
    "description": "C3_LL_79_C3_W1_WRL",
    "productId": "650bf57d0335464a8cb0770f",
    "plannedFinished": "2019/01/01 06:31:29.000",
    "started": "2019/01/01 06:38:28.000",
    "lastUpdated": 2308.0,
    "allocatedId": "a14d7daef6c3e007be5c3d79"
  }
]