[
  {
    "id": "650bff150335464a8cb2291d",
    "description": "C2_XV_99_C2_R3_RBR",
    "productId": "650bff150335464a8cb228e7",
    "plannedFinished": "2019/01/01 08:45:35.000",
    "finished": "2019/01/01 09:30:37.000",
    "started": "2019/01/01 09:30:22.000",
    "quality": 16.0,
    "lastUpdated": 12638.0,
    "allocatedId": "e25857048d0aa8c5267add45"
  },
  {
    "id": "650bff150335464a8cb229e6",
    "description": "C2_SY_73_C2_R3_RBL",
    "productId": "650bff150335464a8cb229af",
    "plannedFinished": "2019/01/01 08:46:01.000",
    "started": "2019/01/01 09:30:37.000",
    "lastUpdated": 12638.0,
    "allocatedId": "e25857048d0aa8c5267add45"
  }
]