[
  {
    "id": "650bfb130335464a8cb14bb8",
    "description": "C1_WS_17_C1_W1_WRR",
    "productId": "650bfb130335464a8cb14b54",
    "plannedFinished": "2019/01/01 07:42:03.000",
    "finished": "2019/01/01 08:36:28.000",
    "started": "2019/01/01 08:36:16.000",
    "quality": 8.0,
    "lastUpdated": 9388.0,
    "allocatedId": "473ba469ac83eefc410323fa"
  },
  {
    "id": "650bfbae0335464a8cb16f14",
    "description": "C3_BP_38_C3_W1_WFL",
    "productId": "650bfbae0335464a8cb16eb3",
    "plannedFinished": "2019/01/01 07:52:28.000",
    "started": "2019/01/01 08:36:28.000",
    "lastUpdated": 9388.0,
    "allocatedId": "473ba469ac83eefc410323fa"
  }
]