[
  {
    "id": "650bf57d0335464a8cb07323",
    "description": "C3_ZH_32_C3_F3_F3OL",
    "productId": "650bf57d0335464a8cb07304",
    "plannedFinished": "2019/01/01 06:51:23.000",
    "finished": "2019/01/01 07:06:08.000",
    "started": "2019/01/01 07:06:02.000",
    "quality": 11.0,
    "lastUpdated": 3968.0,
    "allocatedId": "bce79d39a660e56b5b142095"
  },
  {
    "id": "650bf57d0335464a8cb07324",
    "description": "C3_ZH_32_C3_F3_F3OR",
    "productId": "650bf57d0335464a8cb07304",
    "plannedFinished": "2019/01/01 06:51:29.000",
    "started": "2019/01/01 07:06:08.000",
    "lastUpdated": 3968.0,
    "allocatedId": "bce79d39a660e56b5b142095"
  }
]