[
  {
    "id": "650bf57c0335464a8cb067dd",
    "description": "C1_DH_98_C1_F2_BU",
    "productId": "650bf57c0335464a8cb067e1",
    "plannedFinished": "2019/01/01 06:11:17.000",
    "finished": "2019/01/01 06:17:25.000",
    "started": "2019/01/01 06:17:22.000",
    "quality": 11.0,
    "lastUpdated": 1045.0,
    "allocatedId": "df768900947981f11bc3eba6"
  },
  {
    "id": "650bf57c0335464a8cb06cc6",
    "description": "C3_TK_17_C3_F2_CF2MR",
    "productId": "650bf57c0335464a8cb06cd2",
    "plannedFinished": "2019/01/01 06:11:14.000",
    "started": "2019/01/01 06:17:25.000",
    "lastUpdated": 1045.0,
    "allocatedId": "df768900947981f11bc3eba6"
  }
]