[
  {
    "id": "650bf57b0335464a8cb059c6",
    "description": "C1_OS_73_C1_R3_TRU",
    "productId": "650bf57b0335464a8cb0598e",
    "plannedFinished": "2019/01/01 06:30:47.000",
    "finished": "2019/01/01 07:04:43.000",
    "started": "2019/01/01 06:57:47.000",
    "quality": 8.0,
    "lastUpdated": 3884.0,
    "allocatedId": "a2c97eddb674a08bf3b901d2"
  },
  {
    "id": "650bf57b0335464a8cb05b8e",
    "description": "C1_VS_51_C1_R3_TRU",
    "productId": "650bf57b0335464a8cb05b56",
    "plannedFinished": "2019/01/01 06:28:07.000",
    "started": "2019/01/01 07:04:43.000",
    "lastUpdated": 3884.0,
    "allocatedId": "a2c97eddb674a08bf3b901d2"
  }
]