[
  {
    "id": "650bf57d0335464a8cb07458",
    "description": "C3_VP_39_C3_W1R_W1RR",
    "productId": "650bf57d0335464a8cb073ea",
    "plannedFinished": "2019/01/01 06:59:24.000",
    "finished": "2019/01/01 07:23:47.000",
    "started": "2019/01/01 07:23:39.000",
    "quality": 9.0,
    "lastUpdated": 5028.0,
    "allocatedId": "1f618283a6cca5c054d69449"
  },
  {
    "id": "650bf57e0335464a8cb083dd",
    "description": "C2_MN_32_C2_W1R_W1RR",
    "productId": "650bf57e0335464a8cb0837b",
    "plannedFinished": "2019/01/01 06:57:07.000",
    "started": "2019/01/01 07:23:47.000",
    "lastUpdated": 5028.0,
    "allocatedId": "1f618283a6cca5c054d69449"
  }
]