[
  {
    "id": "650bf57c0335464a8cb06c7c",
    "description": "C3_IF_75_C3_R2_RLR",
    "productId": "650bf57c0335464a8cb06c81",
    "plannedFinished": "2019/01/01 06:10:09.000",
    "finished": "2019/01/01 06:20:46.000",
    "started": "2019/01/01 06:20:43.000",
    "quality": 12.0,
    "lastUpdated": 1246.0,
    "allocatedId": "f62a2ae2729866c28ffd04fa"
  },
  {
    "id": "650bf57d0335464a8cb0771d",
    "description": "C3_LL_79_C3_F2_FLL",
    "productId": "650bf57d0335464a8cb07727",
    "plannedFinished": "2019/01/01 06:14:33.000",
    "started": "2019/01/01 06:20:46.000",
    "lastUpdated": 1246.0,
    "allocatedId": "f62a2ae2729866c28ffd04fa"
  }
]