[
  {
    "id": "650bff150335464a8cb2296e",
    "description": "C2_LV_43_C2_L_SPEC1",
    "productId": "650bff150335464a8cb2294b",
    "plannedFinished": "2019/01/01 08:37:23.000",
    "finished": "2019/01/01 08:49:27.000",
    "started": "2019/01/01 08:49:20.000",
    "quality": 10.0,
    "lastUpdated": 10168.0,
    "allocatedId": "d84914705f8d02af00613f51"
  },
  {
    "id": "650bff150335464a8cb228aa",
    "description": "C3_EO_78_C3_R2_EXH",
    "productId": "650bff150335464a8cb228ae",
    "plannedFinished": "2019/01/01 08:36:08.000",
    "started": "2019/01/01 08:49:27.000",
    "lastUpdated": 10168.0,
    "allocatedId": "d84914705f8d02af00613f51"
  }
]