[
  {
    "id": "650bf57e0335464a8cb08829",
    "description": "C2_BL_37_C2_W1R_W1RR",
    "productId": "650bf57e0335464a8cb087c7",
    "plannedFinished": "2019/01/01 06:36:50.000",
    "finished": "2019/01/01 06:34:54.000",
    "started": "2019/01/01 06:34:43.000",
    "quality": 7.0,
    "lastUpdated": 2095.0,
    "allocatedId": "58be3a730f8c44bd2575bc61"
  },
  {
    "id": "650bf57e0335464a8cb08121",
    "description": "C2_YO_100_C2_W1R_W1RR",
    "productId": "650bf57e0335464a8cb080bf",
    "plannedFinished": "2019/01/01 06:36:19.000",
    "started": "2019/01/01 06:34:54.000",
    "lastUpdated": 2095.0,
    "allocatedId": "58be3a730f8c44bd2575bc61"
  }
]