[
  {
    "id": "650bfe020335464a8cb1e654",
    "description": "C2_PD_76_C2_F2_PRLR",
    "productId": "650bfe020335464a8cb1e65d",
    "plannedFinished": "2019/01/01 08:17:00.000",
    "finished": "2019/01/01 08:47:46.000",
    "started": "2019/01/01 08:47:41.000",
    "quality": 12.0,
    "lastUpdated": 10066.0,
    "allocatedId": "d84914705f8d02af00613f51"
  },
  {
    "id": "650bfe020335464a8cb1e678",
    "description": "C2_PD_76_C2_R2_EXH",
    "productId": "650bfe020335464a8cb1e679",
    "plannedFinished": "2019/01/01 08:17:38.000",
    "started": "2019/01/01 08:47:46.000",
    "lastUpdated": 10066.0,
    "allocatedId": "d84914705f8d02af00613f51"
  }
]