[
  {
    "id": "650bf57b0335464a8cb05809",
    "description": "C1_AA_87_C1_R3_LL",
    "productId": "650bf57b0335464a8cb057c6",
    "plannedFinished": "2019/01/01 06:37:23.000",
    "finished": "2019/01/01 07:51:17.000",
    "started": "2019/01/01 07:51:11.000",
    "quality": 10.0,
    "lastUpdated": 6678.0,
    "allocatedId": "4a9792d0bc9f23607a12615b"
  },
  {
    "id": "650bf57b0335464a8cb0580a",
    "description": "C1_AA_87_C1_R3_LR",
    "productId": "650bf57b0335464a8cb057c6",
    "plannedFinished": "2019/01/01 06:37:29.000",
    "started": "2019/01/01 07:51:17.000",
    "lastUpdated": 6678.0,
    "allocatedId": "4a9792d0bc9f23607a12615b"
  }
]