[
  {
    "id": "650bf57d0335464a8cb07040",
    "description": "C3_TZ_2_C3_W1_WFL",
    "productId": "650bf57d0335464a8cb06fdf",
    "plannedFinished": "2019/01/01 06:52:13.000",
    "finished": "2019/01/01 07:31:49.000",
    "started": "2019/01/01 07:31:37.000",
    "quality": 11.0,
    "lastUpdated": 5509.0,
    "allocatedId": "a14d7daef6c3e007be5c3d79"
  },
  {
    "id": "650bf57d0335464a8cb07041",
    "description": "C3_TZ_2_C3_W1_WF4",
    "productId": "650bf57d0335464a8cb06fdf",
    "plannedFinished": "2019/01/01 06:52:25.000",
    "started": "2019/01/01 07:31:49.000",
    "lastUpdated": 5509.0,
    "allocatedId": "a14d7daef6c3e007be5c3d79"
  }
]