[
  {
    "id": "650bf57d0335464a8cb07a01",
    "description": "C3_KQ_87_C3_R3_REC2R3CONL",
    "productId": "650bf57d0335464a8cb07a08",
    "plannedFinished": "2019/01/01 06:10:10.000",
    "finished": "2019/01/01 06:07:56.000",
    "started": "2019/01/01 06:07:54.000",
    "quality": 7.0,
    "lastUpdated": 476.0,
    "allocatedId": "df768900947981f11bc3eba6"
  },
  {
    "id": "650bf57d0335464a8cb07a02",
    "description": "C3_KQ_87_C3_R3_REC2R3CONR",
    "productId": "650bf57d0335464a8cb07a08",
    "plannedFinished": "2019/01/01 06:10:12.000",
    "started": "2019/01/01 06:07:56.000",
    "lastUpdated": 476.0,
    "allocatedId": "df768900947981f11bc3eba6"
  }
]