[
  {
    "id": "650bffdf0335464a8cb2511d",
    "description": "C2_WU_57_C2_E_E1",
    "productId": "650bffdf0335464a8cb2511a",
    "plannedFinished": "2019/01/01 08:53:02.000",
    "finished": "2019/01/01 09:18:46.000",
    "started": "2019/01/01 09:18:28.000",
    "quality": 13.0,
    "lastUpdated": 11927.0,
    "allocatedId": "bce79d39a660e56b5b142095"
  },
  {
    "id": "650bfe710335464a8cb202e8",
    "description": "C3_HW_59_C3_F3_F3OL",
    "productId": "650bfe710335464a8cb202c9",
    "plannedFinished": "2019/01/01 08:31:47.000",
    "started": "2019/01/01 09:18:46.000",
    "lastUpdated": 11927.0,
    "allocatedId": "bce79d39a660e56b5b142095"
  }
]