[
  {
    "id": "650bf57d0335464a8cb0750d",
    "description": "C3_NA_54_C3_R3_R31R",
    "productId": "650bf57d0335464a8cb07517",
    "plannedFinished": "2019/01/01 06:12:28.000",
    "finished": "2019/01/01 06:49:52.000",
    "started": "2019/01/01 06:49:47.000",
    "quality": 6.0,
    "lastUpdated": 2992.0,
    "allocatedId": "58be3a730f8c44bd2575bc61"
  },
  {
    "id": "650bf57d0335464a8cb07516",
    "description": "C3_NA_54_C3_R3_MODR3",
    "productId": "650bf57d0335464a8cb07517",
    "plannedFinished": "2019/01/01 06:13:41.000",
    "started": "2019/01/01 06:49:52.000",
    "lastUpdated": 2992.0,
    "allocatedId": "58be3a730f8c44bd2575bc61"
  }
]