[
  {
    "id": "650bf57e0335464a8cb0823c",
    "description": "C2_UM_52_C2_U_KRVB2",
    "productId": "650bf57e0335464a8cb081eb",
    "plannedFinished": "2019/01/01 06:32:34.000",
    "finished": "2019/01/01 06:11:19.000",
    "started": "2019/01/01 06:11:02.000",
    "quality": 10.0,
    "lastUpdated": 679.0,
    "allocatedId": "df768900947981f11bc3eba6"
  },
  {
    "id": "650bf57d0335464a8cb07a1d",
    "description": "C3_KQ_87_C3_U_HV",
    "productId": "650bf57d0335464a8cb079c1",
    "plannedFinished": "2019/01/01 06:15:48.000",
    "started": "2019/01/01 06:11:19.000",
    "lastUpdated": 679.0,
    "allocatedId": "df768900947981f11bc3eba6"
  }
]