[
  {
    "id": "650bfb130335464a8cb14dbe",
    "description": "C1_LV_9_C1_R2_RLL",
    "productId": "650bfb130335464a8cb14dc3",
    "plannedFinished": "2019/01/01 07:38:26.000",
    "finished": "2019/01/01 07:50:22.000",
    "started": "2019/01/01 07:50:17.000",
    "quality": 10.0,
    "lastUpdated": 6622.0,
    "allocatedId": "f62a2ae2729866c28ffd04fa"
  },
  {
    "id": "650bfb130335464a8cb14dbf",
    "description": "C1_LV_9_C1_R2_RLR",
    "productId": "650bfb130335464a8cb14dc3",
    "plannedFinished": "2019/01/01 07:38:34.000",
    "started": "2019/01/01 07:50:22.000",
    "lastUpdated": 6622.0,
    "allocatedId": "f62a2ae2729866c28ffd04fa"
  }
]