[
  {
    "id": "650bfc660335464a8cb19259",
    "description": "C2_XZ_75_C2_F2_LAFL1",
    "productId": "650bfc660335464a8cb19260",
    "plannedFinished": "2019/01/01 07:51:01.000",
    "finished": "2019/01/01 08:18:29.000",
    "started": "2019/01/01 08:18:17.000",
    "quality": 7.0,
    "lastUpdated": 8309.0,
    "allocatedId": "a343ca34a020603a9b46f3ca"
  },
  {
    "id": "650bfc660335464a8cb1925a",
    "description": "C2_XZ_75_C2_F2_LAFL2",
    "productId": "650bfc660335464a8cb19260",
    "plannedFinished": "2019/01/01 07:51:13.000",
    "started": "2019/01/01 08:18:29.000",
    "lastUpdated": 8309.0,
    "allocatedId": "a343ca34a020603a9b46f3ca"
  }
]