[
  {
    "id": "650bf57d0335464a8cb08088",
    "description": "C2_ET_68_C2_R2_BUMPL",
    "productId": "650bf57d0335464a8cb0808b",
    "plannedFinished": "2019/01/01 06:15:16.000",
    "finished": "2019/01/01 06:14:35.000",
    "started": "2019/01/01 06:14:29.000",
    "quality": 13.0,
    "lastUpdated": 875.0,
    "allocatedId": "6239eab0b1bb07fa88ecc5a2"
  },
  {
    "id": "650bf57d0335464a8cb08089",
    "description": "C2_ET_68_C2_R2_BUMPR",
    "productId": "650bf57d0335464a8cb0808b",
    "plannedFinished": "2019/01/01 06:15:22.000",
    "started": "2019/01/01 06:14:35.000",
    "lastUpdated": 875.0,
    "allocatedId": "6239eab0b1bb07fa88ecc5a2"
  }
]