[
  {
    "id": "650bf57d0335464a8cb076d5",
    "description": "C3_KQ_31_C3_R2_CLSTR",
    "productId": "650bf57d0335464a8cb076d6",
    "plannedFinished": "2019/01/01 06:12:51.000",
    "finished": "2019/01/01 06:03:24.000",
    "started": "2019/01/01 06:03:00.000",
    "quality": 8.0,
    "lastUpdated": 204.0,
    "allocatedId": "df55238f94952ea90eced974"
  },
  {
    "id": "650bf57d0335464a8cb07c0d",
    "description": "C3_VS_16_C3_F2_BBU",
    "productId": "650bf57d0335464a8cb07c18",
    "plannedFinished": "2019/01/01 06:11:00.000",
    "started": "2019/01/01 06:03:24.000",
    "lastUpdated": 204.0,
    "allocatedId": "df55238f94952ea90eced974"
  }
]