[
  {
    "id": "650bf57b0335464a8cb05d7a",
    "description": "C1_DO_76_C1_U_UVBNHL",
    "productId": "650bf57b0335464a8cb05d1e",
    "plannedFinished": "2019/01/01 06:13:10.000",
    "finished": "2019/01/01 06:09:07.000",
    "started": "2019/01/01 06:09:03.000",
    "quality": 13.0,
    "lastUpdated": 547.0,
    "allocatedId": "b404ef9d208f344dcf292f4f"
  },
  {
    "id": "650bf57c0335464a8cb05ece",
    "description": "C1_KZ_56_C1_U_UVBNVL",
    "productId": "650bf57c0335464a8cb05e74",
    "plannedFinished": "2019/01/01 06:13:13.000",
    "started": "2019/01/01 06:09:07.000",
    "lastUpdated": 547.0,
    "allocatedId": "b404ef9d208f344dcf292f4f"
  }
]