[
  {
    "id": "650bff150335464a8cb2296a",
    "description": "C2_LV_43_C2_F4_F2ASS2M",
    "productId": "650bff150335464a8cb2294b",
    "plannedFinished": "2019/01/01 08:42:50.000",
    "finished": "2019/01/01 09:21:16.000",
    "started": "2019/01/01 09:20:45.000",
    "quality": 10.0,
    "lastUpdated": 12077.0,
    "allocatedId": "f9f205d64e55bd2cc2dd0ec4"
  },
  {
    "id": "650bffdf0335464a8cb25201",
    "description": "C2_KX_0_C2_F4_F2ASS2M",
    "productId": "650bffdf0335464a8cb251e2",
    "plannedFinished": "2019/01/01 08:52:58.000",
    "started": "2019/01/01 09:21:16.000",
    "lastUpdated": 12077.0,
    "allocatedId": "f9f205d64e55bd2cc2dd0ec4"
  }
]