[
  {
    "id": "650bfb130335464a8cb14fab",
    "description": "C3_LF_7_C3_S2_INR",
    "productId": "650bfb130335464a8cb14f59",
    "plannedFinished": "2019/01/01 07:34:40.000",
    "finished": "2019/01/01 07:54:38.000",
    "started": "2019/01/01 07:52:09.000",
    "quality": 10.0,
    "lastUpdated": 6879.0,
    "allocatedId": "ddecbe314473609c55a9f110"
  },
  {
    "id": "650bf57e0335464a8cb088d3",
    "description": "C2_HO_79_C2_S2_FL",
    "productId": "650bf57e0335464a8cb0888f",
    "plannedFinished": "2019/01/01 07:10:40.000",
    "started": "2019/01/01 07:54:38.000",
    "lastUpdated": 6879.0,
    "allocatedId": "ddecbe314473609c55a9f110"
  }
]