[
  {
    "id": "650bffdf0335464a8cb2518e",
    "description": "C2_SL_43_C2_F2_LAF42",
    "productId": "650bffdf0335464a8cb25192",
    "plannedFinished": "2019/01/01 08:51:57.000",
    "finished": "2019/01/01 09:03:05.000",
    "started": "2019/01/01 09:02:59.000",
    "quality": 10.0,
    "lastUpdated": 10985.0,
    "allocatedId": "f62a2ae2729866c28ffd04fa"
  },
  {
    "id": "650bff140335464a8cb22750",
    "description": "C3_IT_90_C3_R2_RLR",
    "productId": "650bff140335464a8cb22755",
    "plannedFinished": "2019/01/01 08:35:36.000",
    "started": "2019/01/01 09:03:05.000",
    "lastUpdated": 10985.0,
    "allocatedId": "f62a2ae2729866c28ffd04fa"
  }
]