[
  {
    "id": "650bf57c0335464a8cb06534",
    "description": "C1_DH_70_C1_F2_NUM",
    "productId": "650bf57c0335464a8cb06535",
    "plannedFinished": "2019/01/01 06:14:42.000",
    "finished": "2019/01/01 06:20:09.000",
    "started": "2019/01/01 06:19:57.000",
    "quality": 10.0,
    "lastUpdated": 1210.0,
    "allocatedId": "f9f205d64e55bd2cc2dd0ec4"
  },
  {
    "id": "650bf57c0335464a8cb065a6",
    "description": "C1_AE_27_C1_F2_NUM",
    "productId": "650bf57c0335464a8cb065a7",
    "plannedFinished": "2019/01/01 06:15:06.000",
    "started": "2019/01/01 06:20:09.000",
    "lastUpdated": 1210.0,
    "allocatedId": "f9f205d64e55bd2cc2dd0ec4"
  }
]