[
  {
    "id": "650bf57d0335464a8cb0809f",
    "description": "C2_ET_68_C2_S2_FL",
    "productId": "650bf57d0335464a8cb0805b",
    "plannedFinished": "2019/01/01 07:10:04.000",
    "finished": "2019/01/01 07:23:42.000",
    "started": "2019/01/01 07:23:30.000",
    "quality": 10.0,
    "lastUpdated": 5023.0,
    "allocatedId": "ddecbe314473609c55a9f110"
  },
  {
    "id": "650bf57d0335464a8cb080a0",
    "description": "C2_ET_68_C2_S2_F4",
    "productId": "650bf57d0335464a8cb0805b",
    "plannedFinished": "2019/01/01 07:10:16.000",
    "started": "2019/01/01 07:23:42.000",
    "lastUpdated": 5023.0,
    "allocatedId": "ddecbe314473609c55a9f110"
  }
]