[
  {
    "id": "650bf57b0335464a8cb0591a",
    "description": "C1_VA_16_C1_W1R_W1RR",
    "productId": "650bf57b0335464a8cb058aa",
    "plannedFinished": "2019/01/01 06:29:16.000",
    "finished": "2019/01/01 06:45:18.000",
    "started": "2019/01/01 06:45:08.000",
    "quality": 9.0,
    "lastUpdated": 2719.0,
    "allocatedId": "58be3a730f8c44bd2575bc61"
  },
  {
    "id": "650bf57e0335464a8cb089b8",
    "description": "C2_ZT_15_C2_W1R_W1RL",
    "productId": "650bf57e0335464a8cb08957",
    "plannedFinished": "2019/01/01 06:45:15.000",
    "started": "2019/01/01 06:45:18.000",
    "lastUpdated": 2719.0,
    "allocatedId": "58be3a730f8c44bd2575bc61"
  }
]