[
  {
    "id": "650bf57d0335464a8cb07713",
    "description": "C3_LL_79_C3_E_E2",
    "productId": "650bf57d0335464a8cb0770f",
    "plannedFinished": "2019/01/01 06:24:38.000",
    "finished": "2019/01/01 06:20:20.000",
    "started": "2019/01/01 06:20:11.000",
    "quality": 10.0,
    "lastUpdated": 1220.0,
    "allocatedId": "5d452e7a2b0121393aa79fdc"
  },
  {
    "id": "650bf57d0335464a8cb07764",
    "description": "C3_LL_79_C3_S2_OUL",
    "productId": "650bf57d0335464a8cb0770f",
    "plannedFinished": "2019/01/01 06:24:45.000",
    "started": "2019/01/01 06:20:20.000",
    "lastUpdated": 1220.0,
    "allocatedId": "5d452e7a2b0121393aa79fdc"
  }
]