[
  {
    "id": "650bf57e0335464a8cb088fe",
    "description": "C2_IE_8_C2_F2_PRLR",
    "productId": "650bf57e0335464a8cb08907",
    "plannedFinished": "2019/01/01 06:11:18.000",
    "finished": "2019/01/01 06:09:35.000",
    "started": "2019/01/01 06:09:29.000",
    "quality": 12.0,
    "lastUpdated": 575.0,
    "allocatedId": "c3ca25d4a5b7fe7abf0b82da"
  },
  {
    "id": "650bf57e0335464a8cb08322",
    "description": "C2_BK_25_C2_F2_PRLR",
    "productId": "650bf57e0335464a8cb0832b",
    "plannedFinished": "2019/01/01 06:10:54.000",
    "started": "2019/01/01 06:09:35.000",
    "lastUpdated": 575.0,
    "allocatedId": "c3ca25d4a5b7fe7abf0b82da"
  }
]