[
  {
    "id": "650bfbae0335464a8cb16c47",
    "description": "C1_IV_3_C1_R4_MR",
    "productId": "650bfbae0335464a8cb16c00",
    "plannedFinished": "2019/01/01 08:04:43.000",
    "finished": "2019/01/01 09:15:50.000",
    "started": "2019/01/01 09:15:17.000",
    "quality": 10.0,
    "lastUpdated": 11750.0,
    "allocatedId": "68a852acc8bbb4383b1f912a"
  },
  {
    "id": "650bfc660335464a8cb18e1d",
    "description": "C1_EE_49_C1_R4_MR",
    "productId": "650bfc660335464a8cb18dd6",
    "plannedFinished": "2019/01/01 08:18:41.000",
    "started": "2019/01/01 09:15:50.000",
    "lastUpdated": 11750.0,
    "allocatedId": "68a852acc8bbb4383b1f912a"
  }
]