[
  {
    "id": "650bf57c0335464a8cb06500",
    "description": "C1_EP_44_C1_S2_INL",
    "productId": "650bf57c0335464a8cb064b0",
    "plannedFinished": "2019/01/01 06:21:03.000",
    "finished": "2019/01/01 06:28:13.000",
    "started": "2019/01/01 06:28:03.000",
    "quality": 13.0,
    "lastUpdated": 1694.0,
    "allocatedId": "9ef526464e0053eb1ab54b96"
  },
  {
    "id": "650bf57c0335464a8cb06501",
    "description": "C1_EP_44_C1_S2_INR",
    "productId": "650bf57c0335464a8cb064b0",
    "plannedFinished": "2019/01/01 06:21:09.000",
    "started": "2019/01/01 06:28:13.000",
    "lastUpdated": 1694.0,
    "allocatedId": "9ef526464e0053eb1ab54b96"
  }
]