[
  {
    "id": "650bfbae0335464a8cb16e5d",
    "description": "C3_PR_92_C3_F3_ML",
    "productId": "650bfbae0335464a8cb16e40",
    "plannedFinished": "2019/01/01 07:45:47.000",
    "finished": "2019/01/01 08:26:09.000",
    "started": "2019/01/01 08:26:03.000",
    "quality": 11.0,
    "lastUpdated": 8770.0,
    "allocatedId": "f1987de3addc9193998b2324"
  },
  {
    "id": "650bfbae0335464a8cb16d75",
    "description": "C3_NU_84_C3_F3_MR",
    "productId": "650bfbae0335464a8cb16d57",
    "plannedFinished": "2019/01/01 07:47:53.000",
    "started": "2019/01/01 08:26:09.000",
    "lastUpdated": 8770.0,
    "allocatedId": "f1987de3addc9193998b2324"
  }
]