[
  {
    "id": "650bfd2c0335464a8cb1b9a3",
    "description": "C3_PI_37_C3_F2_BBU",
    "productId": "650bfd2c0335464a8cb1b9ae",
    "plannedFinished": "2019/01/01 08:02:31.000",
    "finished": "2019/01/01 08:17:20.000",
    "started": "2019/01/01 08:17:15.000",
    "quality": 14.0,
    "lastUpdated": 8240.0,
    "allocatedId": "bfec9c1f025a40d511319fa0"
  },
  {
    "id": "650bfd2c0335464a8cb1b9ef",
    "description": "C3_PI_37_C3_U_STCR",
    "productId": "650bfd2c0335464a8cb1b996",
    "plannedFinished": "2019/01/01 08:03:59.000",
    "started": "2019/01/01 08:17:20.000",
    "lastUpdated": 8240.0,
    "allocatedId": "bfec9c1f025a40d511319fa0"
  }
]