[
  {
    "id": "650bf57d0335464a8cb0791f",
    "description": "C3_EH_72_C3_R3_TRIATTR3L",
    "productId": "650bf57d0335464a8cb07922",
    "plannedFinished": "2019/01/01 06:11:28.000",
    "finished": "2019/01/01 06:54:14.000",
    "started": "2019/01/01 06:54:10.000",
    "quality": 9.0,
    "lastUpdated": 3254.0,
    "allocatedId": "58be3a730f8c44bd2575bc61"
  },
  {
    "id": "650bf57d0335464a8cb07920",
    "description": "C3_EH_72_C3_R3_TRIATTR3R",
    "productId": "650bf57d0335464a8cb07922",
    "plannedFinished": "2019/01/01 06:11:30.000",
    "started": "2019/01/01 06:54:14.000",
    "lastUpdated": 3254.0,
    "allocatedId": "58be3a730f8c44bd2575bc61"
  }
]