[
  {
    "id": "650bf57d0335464a8cb07030",
    "description": "C3_TZ_2_C3_S2_INL",
    "productId": "650bf57d0335464a8cb06fdf",
    "plannedFinished": "2019/01/01 06:34:06.000",
    "finished": "2019/01/01 07:01:18.000",
    "started": "2019/01/01 07:01:09.000",
    "quality": 7.0,
    "lastUpdated": 3679.0,
    "allocatedId": "ddecbe314473609c55a9f110"
  },
  {
    "id": "650bf57d0335464a8cb07031",
    "description": "C3_TZ_2_C3_S2_INR",
    "productId": "650bf57d0335464a8cb06fdf",
    "plannedFinished": "2019/01/01 06:34:15.000",
    "started": "2019/01/01 07:01:18.000",
    "lastUpdated": 3679.0,
    "allocatedId": "ddecbe314473609c55a9f110"
  }
]