[
  {
    "id": "650bfb130335464a8cb15079",
    "description": "C2_RG_52_C2_R3_R2PRINT",
    "productId": "650bfb130335464a8cb1503f",
    "plannedFinished": "2019/01/01 07:40:38.000",
    "finished": "2019/01/01 08:19:29.000",
    "started": "2019/01/01 08:19:01.000",
    "quality": 11.0,
    "lastUpdated": 8370.0,
    "allocatedId": "f9f205d64e55bd2cc2dd0ec4"
  },
  {
    "id": "650bfb130335464a8cb15209",
    "description": "C2_RJ_45_C2_R3_R2PRINT",
    "productId": "650bfb130335464a8cb151cf",
    "plannedFinished": "2019/01/01 07:39:57.000",
    "started": "2019/01/01 08:19:29.000",
    "lastUpdated": 8370.0,
    "allocatedId": "f9f205d64e55bd2cc2dd0ec4"
  }
]