[
  {
    "id": "650bf57c0335464a8cb0622e",
    "description": "C1_WZ_3_C1_R2_MODR21",
    "productId": "650bf57c0335464a8cb06239",
    "plannedFinished": "2019/01/01 06:39:20.000",
    "finished": "2019/01/01 06:43:25.000",
    "started": "2019/01/01 06:43:19.000",
    "quality": 10.0,
    "lastUpdated": 2605.0,
    "allocatedId": "c33a0a4a5f8380577dff91ec"
  },
  {
    "id": "650bf57b0335464a8cb05dba",
    "description": "C1_QY_41_C1_R2_MODR21",
    "productId": "650bf57b0335464a8cb05dc5",
    "plannedFinished": "2019/01/01 06:39:44.000",
    "started": "2019/01/01 06:43:25.000",
    "lastUpdated": 2605.0,
    "allocatedId": "c33a0a4a5f8380577dff91ec"
  }
]