[
  {
    "id": "650bfb130335464a8cb150fa",
    "description": "C2_QS_74_C2_W1_WF4",
    "productId": "650bfb130335464a8cb150a3",
    "plannedFinished": "2019/01/01 07:37:00.000",
    "finished": "2019/01/01 08:01:00.000",
    "started": "2019/01/01 08:00:48.000",
    "quality": 11.0,
    "lastUpdated": 7260.0,
    "allocatedId": "ab338a7f0448b3bd38e8d550"
  },
  {
    "id": "650bfb130335464a8cb150fb",
    "description": "C2_QS_74_C2_W1_WRL",
    "productId": "650bfb130335464a8cb150a3",
    "plannedFinished": "2019/01/01 07:37:12.000",
    "started": "2019/01/01 08:01:00.000",
    "lastUpdated": 7260.0,
    "allocatedId": "ab338a7f0448b3bd38e8d550"
  }
]