[
  {
    "id": "650bfd2c0335464a8cb1bb47",
    "description": "C2_GS_30_C2_W1_WRL",
    "productId": "650bfd2c0335464a8cb1baef",
    "plannedFinished": "2019/01/01 08:14:31.000",
    "finished": "2019/01/01 09:05:10.000",
    "started": "2019/01/01 09:04:58.000",
    "quality": 7.0,
    "lastUpdated": 11111.0,
    "allocatedId": "ab338a7f0448b3bd38e8d550"
  },
  {
    "id": "650bfd2c0335464a8cb1ba6b",
    "description": "C3_KZ_48_C3_W1_WF4",
    "productId": "650bfd2c0335464a8cb1ba09",
    "plannedFinished": "2019/01/01 08:17:05.000",
    "started": "2019/01/01 09:05:10.000",
    "lastUpdated": 11111.0,
    "allocatedId": "ab338a7f0448b3bd38e8d550"
  }
]