[
  {
    "id": "650bf57c0335464a8cb064dc",
    "description": "C1_EP_44_C1_R2_MODR2GRNDL",
    "productId": "650bf57c0335464a8cb064e5",
    "plannedFinished": "2019/01/01 06:28:10.000",
    "finished": "2019/01/01 06:09:17.000",
    "started": "2019/01/01 06:09:05.000",
    "quality": 8.0,
    "lastUpdated": 558.0,
    "allocatedId": "66d18314b69cee9511a6f231"
  },
  {
    "id": "650bf57c0335464a8cb064dd",
    "description": "C1_EP_44_C1_R2_MODR2GRNDR",
    "productId": "650bf57c0335464a8cb064e5",
    "plannedFinished": "2019/01/01 06:28:22.000",
    "started": "2019/01/01 06:09:17.000",
    "lastUpdated": 558.0,
    "allocatedId": "66d18314b69cee9511a6f231"
  }
]