[
  {
    "id": "650bf57c0335464a8cb06837",
    "description": "C1_DH_98_C1_W1F_F3R",
    "productId": "650bf57c0335464a8cb067ce",
    "plannedFinished": "2019/01/01 06:37:10.000",
    "finished": "2019/01/01 07:12:13.000",
    "started": "2019/01/01 07:11:49.000",
    "quality": 13.0,
    "lastUpdated": 4334.0,
    "allocatedId": "5d452e7a2b0121393aa79fdc"
  },
  {
    "id": "650bf57c0335464a8cb06838",
    "description": "C1_DH_98_C1_W1F_M",
    "productId": "650bf57c0335464a8cb067ce",
    "plannedFinished": "2019/01/01 06:41:33.000",
    "started": "2019/01/01 07:12:13.000",
    "lastUpdated": 4334.0,
    "allocatedId": "5d452e7a2b0121393aa79fdc"
  }
]