[
  {
    "id": "650bf57e0335464a8cb08abb",
    "description": "C2_IG_6_C2_R3_SPL",
    "productId": "650bf57e0335464a8cb08a83",
    "plannedFinished": "2019/01/01 07:13:25.000",
    "finished": "2019/01/01 07:16:28.000",
    "started": "2019/01/01 07:16:13.000",
    "quality": 12.0,
    "lastUpdated": 4588.0,
    "allocatedId": "bc846dc49512c963188a24b0"
  },
  {
    "id": "650bf57e0335464a8cb08863",
    "description": "C2_QY_4_C2_R3_SPL",
    "productId": "650bf57e0335464a8cb0882b",
    "plannedFinished": "2019/01/01 06:58:04.000",
    "started": "2019/01/01 07:16:28.000",
    "lastUpdated": 4588.0,
    "allocatedId": "bc846dc49512c963188a24b0"
  }
]