[
  {
    "id": "650bfb130335464a8cb14da4",
    "description": "C1_LV_9_C1_F3_HDL",
    "productId": "650bfb130335464a8cb14d8e",
    "plannedFinished": "2019/01/01 07:46:11.000",
    "finished": "2019/01/01 08:23:14.000",
    "started": "2019/01/01 08:23:08.000",
    "quality": 9.0,
    "lastUpdated": 8594.0,
    "allocatedId": "1f618283a6cca5c054d69449"
  },
  {
    "id": "650bfb130335464a8cb14da5",
    "description": "C1_LV_9_C1_F3_HDR",
    "productId": "650bfb130335464a8cb14d8e",
    "plannedFinished": "2019/01/01 07:46:15.000",
    "started": "2019/01/01 08:23:14.000",
    "lastUpdated": 8594.0,
    "allocatedId": "1f618283a6cca5c054d69449"
  }
]