[
  {
    "id": "650bf57c0335464a8cb0628b",
    "description": "C1_WC_5_C1_F3_CONF",
    "productId": "650bf57c0335464a8cb06276",
    "plannedFinished": "2019/01/01 06:38:40.000",
    "finished": "2019/01/01 07:41:55.000",
    "started": "2019/01/01 07:41:50.000",
    "quality": 10.0,
    "lastUpdated": 6115.0,
    "allocatedId": "b404ef9d208f344dcf292f4f"
  },
  {
    "id": "650bf57c0335464a8cb061a7",
    "description": "C1_ML_33_C1_F3_CONF",
    "productId": "650bf57c0335464a8cb06192",
    "plannedFinished": "2019/01/01 06:39:35.000",
    "started": "2019/01/01 07:41:55.000",
    "lastUpdated": 6115.0,
    "allocatedId": "b404ef9d208f344dcf292f4f"
  }
]