[
  {
    "id": "650bfbae0335464a8cb16eb7",
    "description": "C3_BP_38_C3_E_E2",
    "productId": "650bfbae0335464a8cb16eb3",
    "plannedFinished": "2019/01/01 07:43:40.000",
    "finished": "2019/01/01 08:10:52.000",
    "started": "2019/01/01 08:10:37.000",
    "quality": 15.0,
    "lastUpdated": 7852.0,
    "allocatedId": "bce79d39a660e56b5b142095"
  },
  {
    "id": "650bfbae0335464a8cb16eca",
    "description": "C3_BP_38_C3_F2_BU",
    "productId": "650bfbae0335464a8cb16ecb",
    "plannedFinished": "2019/01/01 07:40:31.000",
    "started": "2019/01/01 08:10:52.000",
    "lastUpdated": 7852.0,
    "allocatedId": "bce79d39a660e56b5b142095"
  }
]