[
  {
    "id": "650bf57d0335464a8cb0803f",
    "description": "C2_VQ_84_C2_S2_INL",
    "productId": "650bf57d0335464a8cb07ff7",
    "plannedFinished": "2019/01/01 07:14:27.000",
    "finished": "2019/01/01 07:57:49.000",
    "started": "2019/01/01 07:57:32.000",
    "quality": 7.0,
    "lastUpdated": 7069.0,
    "allocatedId": "cf87d7b62f9b760d76702994"
  },
  {
    "id": "650bf57d0335464a8cb08040",
    "description": "C2_VQ_84_C2_S2_INR",
    "productId": "650bf57d0335464a8cb07ff7",
    "plannedFinished": "2019/01/01 07:14:36.000",
    "started": "2019/01/01 07:57:49.000",
    "lastUpdated": 7069.0,
    "allocatedId": "cf87d7b62f9b760d76702994"
  }
]