[
  {
    "id": "650bfb130335464a8cb14fbb",
    "description": "C3_LF_7_C3_W1_WF4",
    "productId": "650bfb130335464a8cb14f59",
    "plannedFinished": "2019/01/01 07:36:59.000",
    "finished": "2019/01/01 08:12:39.000",
    "started": "2019/01/01 08:12:27.000",
    "quality": 10.0,
    "lastUpdated": 7959.0,
    "allocatedId": "473ba469ac83eefc410323fa"
  },
  {
    "id": "650bfb130335464a8cb14fbc",
    "description": "C3_LF_7_C3_W1_WRL",
    "productId": "650bfb130335464a8cb14f59",
    "plannedFinished": "2019/01/01 07:37:23.000",
    "started": "2019/01/01 08:12:39.000",
    "lastUpdated": 7959.0,
    "allocatedId": "473ba469ac83eefc410323fa"
  }
]