[
  {
    "id": "650bf57d0335464a8cb07a00",
    "description": "C3_KQ_87_C3_R3_R32R",
    "productId": "650bf57d0335464a8cb07a08",
    "plannedFinished": "2019/01/01 06:10:09.000",
    "finished": "2019/01/01 06:03:49.000",
    "started": "2019/01/01 06:03:44.000",
    "quality": 11.0,
    "lastUpdated": 229.0,
    "allocatedId": "f1987de3addc9193998b2324"
  },
  {
    "id": "650bf57e0335464a8cb089a6",
    "description": "C2_ZT_15_C2_U_KRV",
    "productId": "650bf57e0335464a8cb08957",
    "plannedFinished": "2019/01/01 06:14:21.000",
    "started": "2019/01/01 06:03:49.000",
    "lastUpdated": 229.0,
    "allocatedId": "f1987de3addc9193998b2324"
  }
]