[
  {
    "id": "650bfe020335464a8cb1e373",
    "description": "C3_HV_25_C3_F4_CONF4S2",
    "productId": "650bfe020335464a8cb1e34c",
    "plannedFinished": "2019/01/01 08:23:03.000",
    "finished": "2019/01/01 08:42:05.000",
    "started": "2019/01/01 08:41:39.000",
    "quality": 13.0,
    "lastUpdated": 9726.0,
    "allocatedId": "cf87d7b62f9b760d76702994"
  },
  {
    "id": "650bfe020335464a8cb1e374",
    "description": "C3_HV_25_C3_F4_CONS2",
    "productId": "650bfe020335464a8cb1e34c",
    "plannedFinished": "2019/01/01 08:23:21.000",
    "started": "2019/01/01 08:42:05.000",
    "lastUpdated": 9726.0,
    "allocatedId": "cf87d7b62f9b760d76702994"
  }
]