[
  {
    "id": "650bff140335464a8cb226e5",
    "description": "C3_TR_19_C3_R3_R31R",
    "productId": "650bff140335464a8cb226ef",
    "plannedFinished": "2019/01/01 08:35:36.000",
    "finished": "2019/01/01 09:26:32.000",
    "started": "2019/01/01 09:22:43.000",
    "quality": 10.0,
    "lastUpdated": 12393.0,
    "allocatedId": "58be3a730f8c44bd2575bc61"
  },
  {
    "id": "650bff140335464a8cb226ea",
    "description": "C3_TR_19_C3_R3_ATTR3",
    "productId": "650bff140335464a8cb226ef",
    "plannedFinished": "2019/01/01 08:35:42.000",
    "started": "2019/01/01 09:26:32.000",
    "lastUpdated": 12393.0,
    "allocatedId": "58be3a730f8c44bd2575bc61"
  }
]