[
  {
    "id": "650bfbae0335464a8cb16bb5",
    "description": "C1_JE_64_C1_R1_MODR2INT",
    "productId": "650bfbae0335464a8cb16b8e",
    "plannedFinished": "2019/01/01 08:00:28.000",
    "finished": "2019/01/01 09:18:10.000",
    "started": "2019/01/01 09:17:42.000",
    "quality": 7.0,
    "lastUpdated": 11890.0,
    "allocatedId": "7454c32cca8e5c7e6c9d086e"
  },
  {
    "id": "650bfbae0335464a8cb16c27",
    "description": "C1_IV_3_C1_R1_MODR2INT",
    "productId": "650bfbae0335464a8cb16c00",
    "plannedFinished": "2019/01/01 07:59:49.000",
    "started": "2019/01/01 09:18:10.000",
    "lastUpdated": 11890.0,
    "allocatedId": "7454c32cca8e5c7e6c9d086e"
  }
]