[
  {
    "id": "650bf57c0335464a8cb06a4c",
    "description": "C3_CX_72_C3_R3_TRIATTR3L",
    "productId": "650bf57c0335464a8cb06a4f",
    "plannedFinished": "2019/01/01 06:11:08.000",
    "finished": "2019/01/01 06:42:54.000",
    "started": "2019/01/01 06:42:50.000",
    "quality": 7.0,
    "lastUpdated": 2575.0,
    "allocatedId": "58be3a730f8c44bd2575bc61"
  },
  {
    "id": "650bf57c0335464a8cb06a4d",
    "description": "C3_CX_72_C3_R3_TRIATTR3R",
    "productId": "650bf57c0335464a8cb06a4f",
    "plannedFinished": "2019/01/01 06:11:10.000",
    "started": "2019/01/01 06:42:54.000",
    "lastUpdated": 2575.0,
    "allocatedId": "58be3a730f8c44bd2575bc61"
  }
]