[
  {
    "id": "650bfbae0335464a8cb16bc1",
    "description": "C1_JE_64_C1_R2_EXHR",
    "productId": "650bfbae0335464a8cb16bc3",
    "plannedFinished": "2019/01/01 07:50:46.000",
    "finished": "2019/01/01 07:57:01.000",
    "started": "2019/01/01 07:56:48.000",
    "quality": 7.0,
    "lastUpdated": 7021.0,
    "allocatedId": "0c0ce48a2e2d2b3bf60a0238"
  },
  {
    "id": "650bfbae0335464a8cb16ca4",
    "description": "C1_OO_38_C1_R2_EXHL",
    "productId": "650bfbae0335464a8cb16ca7",
    "plannedFinished": "2019/01/01 07:50:55.000",
    "started": "2019/01/01 07:57:01.000",
    "lastUpdated": 7021.0,
    "allocatedId": "0c0ce48a2e2d2b3bf60a0238"
  }
]