[
  {
    "id": "650bfe710335464a8cb20598",
    "description": "C2_RH_13_C2_S1_R2F4CONR",
    "productId": "650bfe710335464a8cb20557",
    "plannedFinished": "2019/01/01 08:28:38.000",
    "finished": "2019/01/01 09:05:39.000",
    "started": "2019/01/01 09:05:17.000",
    "quality": 11.0,
    "lastUpdated": 11140.0,
    "allocatedId": "6239eab0b1bb07fa88ecc5a2"
  },
  {
    "id": "650bfd2c0335464a8cb1bb94",
    "description": "C2_LK_18_C2_S1_R2F4CONR",
    "productId": "650bfd2c0335464a8cb1bb53",
    "plannedFinished": "2019/01/01 08:13:21.000",
    "started": "2019/01/01 09:05:39.000",
    "lastUpdated": 11140.0,
    "allocatedId": "6239eab0b1bb07fa88ecc5a2"
  }
]