[
  {
    "id": "650bf57d0335464a8cb06f46",
    "description": "C3_RW_67_C3_S1_F4CON1",
    "productId": "650bf57d0335464a8cb06ef9",
    "plannedFinished": "2019/01/01 07:16:43.000",
    "finished": "2019/01/01 08:06:48.000",
    "started": "2019/01/01 08:06:23.000",
    "quality": 7.0,
    "lastUpdated": 7609.0,
    "allocatedId": "6239eab0b1bb07fa88ecc5a2"
  },
  {
    "id": "650bf57d0335464a8cb06f47",
    "description": "C3_RW_67_C3_S1_F4CON2",
    "productId": "650bf57d0335464a8cb06ef9",
    "plannedFinished": "2019/01/01 07:17:04.000",
    "started": "2019/01/01 08:06:48.000",
    "lastUpdated": 7609.0,
    "allocatedId": "6239eab0b1bb07fa88ecc5a2"
  }
]