[
  {
    "id": "650bfc670335464a8cb193a8",
    "description": "C2_GJ_44_C2_R2_BUMPL",
    "productId": "650bfc670335464a8cb193ab",
    "plannedFinished": "2019/01/01 07:50:04.000",
    "finished": "2019/01/01 08:41:25.000",
    "started": "2019/01/01 08:41:15.000",
    "quality": 10.0,
    "lastUpdated": 9685.0,
    "allocatedId": "6239eab0b1bb07fa88ecc5a2"
  },
  {
    "id": "650bfc670335464a8cb193a9",
    "description": "C2_GJ_44_C2_R2_BUMPR",
    "productId": "650bfc670335464a8cb193ab",
    "plannedFinished": "2019/01/01 07:50:10.000",
    "started": "2019/01/01 08:41:25.000",
    "lastUpdated": 9685.0,
    "allocatedId": "6239eab0b1bb07fa88ecc5a2"
  }
]