[
  {
    "id": "650bfbae0335464a8cb170cb",
    "description": "C2_AO_83_C2_F2_LAF42",
    "productId": "650bfbae0335464a8cb170cf",
    "plannedFinished": "2019/01/01 07:40:08.000",
    "finished": "2019/01/01 08:17:29.000",
    "started": "2019/01/01 08:17:17.000",
    "quality": 10.0,
    "lastUpdated": 8249.0,
    "allocatedId": "a343ca34a020603a9b46f3ca"
  },
  {
    "id": "650bfbae0335464a8cb17003",
    "description": "C2_BI_9_C2_F2_LAF42",
    "productId": "650bfbae0335464a8cb17007",
    "plannedFinished": "2019/01/01 07:39:44.000",
    "started": "2019/01/01 08:17:29.000",
    "lastUpdated": 8249.0,
    "allocatedId": "a343ca34a020603a9b46f3ca"
  }
]