[
  {
    "id": "650bfd2c0335464a8cb1bcb9",
    "description": "C2_ON_87_C2_R3_R2PRINT",
    "productId": "650bfd2c0335464a8cb1bc7f",
    "plannedFinished": "2019/01/01 08:16:13.000",
    "finished": "2019/01/01 09:15:00.000",
    "started": "2019/01/01 09:14:42.000",
    "quality": 14.0,
    "lastUpdated": 11700.0,
    "allocatedId": "f9f205d64e55bd2cc2dd0ec4"
  },
  {
    "id": "650bfe020335464a8cb1e6e7",
    "description": "C2_TW_46_C2_R3_R2PRINT",
    "productId": "650bfe020335464a8cb1e6ad",
    "plannedFinished": "2019/01/01 08:31:00.000",
    "started": "2019/01/01 09:15:00.000",
    "lastUpdated": 11700.0,
    "allocatedId": "f9f205d64e55bd2cc2dd0ec4"
  }
]