[
  {
    "id": "650bfd2c0335464a8cb1bcca",
    "description": "C2_ON_87_C2_S2_OUR",
    "productId": "650bfd2c0335464a8cb1bc7f",
    "plannedFinished": "2019/01/01 08:09:47.000",
    "finished": "2019/01/01 08:58:29.000",
    "started": "2019/01/01 08:58:20.000",
    "quality": 11.0,
    "lastUpdated": 10709.0,
    "allocatedId": "6dd9fb32a8031a985516c7bd"
  },
  {
    "id": "650bfe710335464a8cb20609",
    "description": "C2_WT_79_C2_S2_OUL",
    "productId": "650bfe710335464a8cb205bf",
    "plannedFinished": "2019/01/01 08:32:38.000",
    "started": "2019/01/01 08:58:29.000",
    "lastUpdated": 10709.0,
    "allocatedId": "6dd9fb32a8031a985516c7bd"
  }
]