[
  {
    "id": "650bfd2c0335464a8cb1ba5c",
    "description": "C3_KZ_48_C3_S2_IN1",
    "productId": "650bfd2c0335464a8cb1ba09",
    "plannedFinished": "2019/01/01 08:10:01.000",
    "finished": "2019/01/01 08:40:33.000",
    "started": "2019/01/01 08:40:19.000",
    "quality": 9.0,
    "lastUpdated": 9634.0,
    "allocatedId": "cf87d7b62f9b760d76702994"
  },
  {
    "id": "650bfd2c0335464a8cb1ba5d",
    "description": "C3_KZ_48_C3_S2_IN2",
    "productId": "650bfd2c0335464a8cb1ba09",
    "plannedFinished": "2019/01/01 08:10:07.000",
    "started": "2019/01/01 08:40:33.000",
    "lastUpdated": 9634.0,
    "allocatedId": "cf87d7b62f9b760d76702994"
  }
]