[
  {
    "id": "650bfd2c0335464a8cb1b85e",
    "description": "C1_VO_77_C1_F4_F4RL",
    "productId": "650bfd2c0335464a8cb1b83e",
    "plannedFinished": "2019/01/01 08:23:40.000",
    "finished": "2019/01/01 09:09:15.000",
    "started": "2019/01/01 09:05:06.000",
    "quality": 12.0,
    "lastUpdated": 11356.0,
    "allocatedId": "7dc58ab391f497bd93c86283"
  },
  {
    "id": "650bfd2c0335464a8cb1b85f",
    "description": "C1_VO_77_C1_F4_F4RR",
    "productId": "650bfd2c0335464a8cb1b83e",
    "plannedFinished": "2019/01/01 08:23:46.000",
    "started": "2019/01/01 09:09:15.000",
    "lastUpdated": 11356.0,
    "allocatedId": "7dc58ab391f497bd93c86283"
  }
]