[
  {
    "id": "650bf57b0335464a8cb05e52",
    "description": "C1_VJ_36_C1_S2_INL",
    "productId": "650bf57b0335464a8cb05e02",
    "plannedFinished": "2019/01/01 06:27:43.000",
    "finished": "2019/01/01 06:56:41.000",
    "started": "2019/01/01 06:56:29.000",
    "quality": 11.0,
    "lastUpdated": 3402.0,
    "allocatedId": "df768900947981f11bc3eba6"
  },
  {
    "id": "650bf57b0335464a8cb05e53",
    "description": "C1_VJ_36_C1_S2_INR",
    "productId": "650bf57b0335464a8cb05e02",
    "plannedFinished": "2019/01/01 06:27:50.000",
    "started": "2019/01/01 06:56:41.000",
    "lastUpdated": 3402.0,
    "allocatedId": "df768900947981f11bc3eba6"
  }
]