[
  {
    "id": "650bff140335464a8cb22600",
    "description": "C1_GH_75_C1_R3_BEJO",
    "productId": "650bff140335464a8cb225c4",
    "plannedFinished": "2019/01/01 09:06:06.000",
    "finished": "2019/01/01 09:37:51.000",
    "started": "2019/01/01 09:37:47.000",
    "quality": 9.0,
    "lastUpdated": 13071.0,
    "allocatedId": "1f618283a6cca5c054d69449"
  },
  {
    "id": "650bff140335464a8cb225fd",
    "description": "C1_GH_75_C1_R3_TRREINF",
    "productId": "650bff140335464a8cb225c4",
    "plannedFinished": "2019/01/01 09:06:10.000",
    "started": "2019/01/01 09:37:51.000",
    "lastUpdated": 13071.0,
    "allocatedId": "1f618283a6cca5c054d69449"
  }
]