[
  {
    "id": "650bfd2c0335464a8cb1bc48",
    "description": "C2_YX_71_C2_R2_BUMPL",
    "productId": "650bfd2c0335464a8cb1bc4b",
    "plannedFinished": "2019/01/01 08:03:06.000",
    "finished": "2019/01/01 08:18:40.000",
    "started": "2019/01/01 08:13:11.000",
    "quality": 12.0,
    "lastUpdated": 8321.0,
    "allocatedId": "6239eab0b1bb07fa88ecc5a2"
  },
  {
    "id": "650bfd2c0335464a8cb1bc49",
    "description": "C2_YX_71_C2_R2_BUMPR",
    "productId": "650bfd2c0335464a8cb1bc4b",
    "plannedFinished": "2019/01/01 08:03:24.000",
    "started": "2019/01/01 08:18:40.000",
    "lastUpdated": 8321.0,
    "allocatedId": "6239eab0b1bb07fa88ecc5a2"
  }
]