[
  {
    "id": "650bfbae0335464a8cb16bbc",
    "description": "C1_JE_64_C1_R2_BRLL",
    "productId": "650bfbae0335464a8cb16bc3",
    "plannedFinished": "2019/01/01 07:49:49.000",
    "finished": "2019/01/01 07:52:46.000",
    "started": "2019/01/01 07:52:43.000",
    "quality": 13.0,
    "lastUpdated": 6766.0,
    "allocatedId": "f62a2ae2729866c28ffd04fa"
  },
  {
    "id": "650bfc660335464a8cb1927a",
    "description": "C2_XZ_75_C2_R2_LIR",
    "productId": "650bfc660335464a8cb1927f",
    "plannedFinished": "2019/01/01 07:49:28.000",
    "started": "2019/01/01 07:52:46.000",
    "lastUpdated": 6766.0,
    "allocatedId": "f62a2ae2729866c28ffd04fa"
  }
]