[
  {
    "id": "650bfb130335464a8cb15134",
    "description": "C2_ZA_60_C2_R2_BUMPL",
    "productId": "650bfb130335464a8cb15137",
    "plannedFinished": "2019/01/01 07:27:00.000",
    "finished": "2019/01/01 07:29:30.000",
    "started": "2019/01/01 07:29:24.000",
    "quality": 9.0,
    "lastUpdated": 5371.0,
    "allocatedId": "1b277f9c4801dd36a9525033"
  },
  {
    "id": "650bfb130335464a8cb15135",
    "description": "C2_ZA_60_C2_R2_BUMPR",
    "productId": "650bfb130335464a8cb15137",
    "plannedFinished": "2019/01/01 07:27:16.000",
    "started": "2019/01/01 07:29:30.000",
    "lastUpdated": 5371.0,
    "allocatedId": "1b277f9c4801dd36a9525033"
  }
]