[
  {
    "id": "650bfb130335464a8cb14da0",
    "description": "C1_LV_9_C1_F2_NUM",
    "productId": "650bfb130335464a8cb14da1",
    "plannedFinished": "2019/01/01 07:38:11.000",
    "finished": "2019/01/01 07:50:46.000",
    "started": "2019/01/01 07:50:34.000",
    "quality": 9.0,
    "lastUpdated": 6647.0,
    "allocatedId": "f9f205d64e55bd2cc2dd0ec4"
  },
  {
    "id": "650bfbae0335464a8cb16b2c",
    "description": "C1_DP_51_C1_F2_NUM",
    "productId": "650bfbae0335464a8cb16b2d",
    "plannedFinished": "2019/01/01 07:38:23.000",
    "started": "2019/01/01 07:50:46.000",
    "lastUpdated": 6647.0,
    "allocatedId": "f9f205d64e55bd2cc2dd0ec4"
  }
]