[
  {
    "id": "650bfbae0335464a8cb16bcb",
    "description": "C1_JE_64_C1_R3_REC2WIND",
    "productId": "650bfbae0335464a8cb16b8e",
    "plannedFinished": "2019/01/01 07:57:30.000",
    "finished": "2019/01/01 08:47:59.000",
    "started": "2019/01/01 08:47:54.000",
    "quality": 13.0,
    "lastUpdated": 10079.0,
    "allocatedId": "bfec9c1f025a40d511319fa0"
  },
  {
    "id": "650bfbae0335464a8cb16bc8",
    "description": "C1_JE_64_C1_R3_R4LL",
    "productId": "650bfbae0335464a8cb16b8e",
    "plannedFinished": "2019/01/01 07:57:34.000",
    "started": "2019/01/01 08:47:59.000",
    "lastUpdated": 10079.0,
    "allocatedId": "bfec9c1f025a40d511319fa0"
  }
]