[
  {
    "id": "650bfe020335464a8cb1e3f3",
    "description": "C3_IO_47_C3_R2_RLL",
    "productId": "650bfe020335464a8cb1e3f9",
    "plannedFinished": "2019/01/01 08:17:09.000",
    "finished": "2019/01/01 08:20:51.000",
    "started": "2019/01/01 08:20:48.000",
    "quality": 12.0,
    "lastUpdated": 8452.0,
    "allocatedId": "f62a2ae2729866c28ffd04fa"
  },
  {
    "id": "650bfe020335464a8cb1e3f4",
    "description": "C3_IO_47_C3_R2_RLR",
    "productId": "650bfe020335464a8cb1e3f9",
    "plannedFinished": "2019/01/01 08:17:12.000",
    "started": "2019/01/01 08:20:51.000",
    "lastUpdated": 8452.0,
    "allocatedId": "f62a2ae2729866c28ffd04fa"
  }
]