[
  {
    "id": "650bf57d0335464a8cb07a47",
    "description": "C3_MK_42_C3_F2_CBU",
    "productId": "650bf57d0335464a8cb07a4c",
    "plannedFinished": "2019/01/01 06:23:14.000",
    "finished": "2019/01/01 06:58:04.000",
    "started": "2019/01/01 06:58:01.000",
    "quality": 11.0,
    "lastUpdated": 3485.0,
    "allocatedId": "df768900947981f11bc3eba6"
  },
  {
    "id": "650bf57d0335464a8cb07a75",
    "description": "C3_MK_42_C3_R3_REC2R3CONR",
    "productId": "650bf57d0335464a8cb07a7b",
    "plannedFinished": "2019/01/01 06:10:28.000",
    "started": "2019/01/01 06:58:04.000",
    "lastUpdated": 3485.0,
    "allocatedId": "df768900947981f11bc3eba6"
  }
]