[
  {
    "id": "650bf57b0335464a8cb05e5c",
    "description": "C1_VJ_36_C1_U_UVBNVL",
    "productId": "650bf57b0335464a8cb05e02",
    "plannedFinished": "2019/01/01 06:18:04.000",
    "finished": "2019/01/01 06:19:59.000",
    "started": "2019/01/01 06:19:47.000",
    "quality": 6.0,
    "lastUpdated": 1200.0,
    "allocatedId": "7dc58ab391f497bd93c86283"
  },
  {
    "id": "650bf57b0335464a8cb05e5e",
    "description": "C1_VJ_36_C1_U_UVBNHL",
    "productId": "650bf57b0335464a8cb05e02",
    "plannedFinished": "2019/01/01 06:18:16.000",
    "started": "2019/01/01 06:19:59.000",
    "lastUpdated": 1200.0,
    "allocatedId": "7dc58ab391f497bd93c86283"
  }
]