[
  {
    "id": "650bfd2c0335464a8cb1b9df",
    "description": "C3_PI_37_C3_R4_R4",
    "productId": "650bfd2c0335464a8cb1b996",
    "plannedFinished": "2019/01/01 08:15:39.000",
    "finished": "2019/01/01 09:05:38.000",
    "started": "2019/01/01 09:05:20.000",
    "quality": 9.0,
    "lastUpdated": 11138.0,
    "allocatedId": "4af1e8dad2dd594db47bf466"
  },
  {
    "id": "650bfe020335464a8cb1e395",
    "description": "C3_HV_25_C3_R4_R4",
    "productId": "650bfe020335464a8cb1e34c",
    "plannedFinished": "2019/01/01 08:27:39.000",
    "started": "2019/01/01 09:05:38.000",
    "lastUpdated": 11138.0,
    "allocatedId": "4af1e8dad2dd594db47bf466"
  }
]