[
  {
    "id": "650bf57c0335464a8cb06e0d",
    "description": "C3_VG_35_C3_W1R_W1RL",
    "productId": "650bf57c0335464a8cb06da0",
    "plannedFinished": "2019/01/01 06:35:49.000",
    "finished": "2019/01/01 06:38:57.000",
    "started": "2019/01/01 06:38:48.000",
    "quality": 10.0,
    "lastUpdated": 2337.0,
    "allocatedId": "58be3a730f8c44bd2575bc61"
  },
  {
    "id": "650bf57c0335464a8cb06e0e",
    "description": "C3_VG_35_C3_W1R_W1RR",
    "productId": "650bf57c0335464a8cb06da0",
    "plannedFinished": "2019/01/01 06:35:58.000",
    "started": "2019/01/01 06:38:57.000",
    "lastUpdated": 2337.0,
    "allocatedId": "58be3a730f8c44bd2575bc61"
  }
]