[
  {
    "id": "650bf57e0335464a8cb08983",
    "description": "C2_ZT_15_C2_R2_SPACE",
    "productId": "650bf57e0335464a8cb08987",
    "plannedFinished": "2019/01/01 06:35:37.000",
    "finished": "2019/01/01 06:54:32.000",
    "started": "2019/01/01 06:54:06.000",
    "quality": 14.0,
    "lastUpdated": 3272.0,
    "allocatedId": "c3ca25d4a5b7fe7abf0b82da"
  },
  {
    "id": "650bf57d0335464a8cb07559",
    "description": "C3_KZ_87_C3_F2_GRL",
    "productId": "650bf57d0335464a8cb0755b",
    "plannedFinished": "2019/01/01 06:23:12.000",
    "started": "2019/01/01 06:54:32.000",
    "lastUpdated": 3272.0,
    "allocatedId": "c3ca25d4a5b7fe7abf0b82da"
  }
]