[
  {
    "id": "650bffdf0335464a8cb24fca",
    "description": "C3_OK_95_C3_W1F_W1FL",
    "productId": "650bffdf0335464a8cb24f63",
    "plannedFinished": "2019/01/01 08:57:20.000",
    "finished": "2019/01/01 09:32:31.000",
    "started": "2019/01/01 09:32:17.000",
    "quality": 6.0,
    "lastUpdated": 12751.0,
    "allocatedId": "99b52d4232098f67babde62d"
  },
  {
    "id": "650bffdf0335464a8cb24fcb",
    "description": "C3_OK_95_C3_W1F_W1F4",
    "productId": "650bffdf0335464a8cb24f63",
    "plannedFinished": "2019/01/01 08:57:38.000",
    "started": "2019/01/01 09:32:31.000",
    "lastUpdated": 12751.0,
    "allocatedId": "99b52d4232098f67babde62d"
  }
]