[
  {
    "id": "650bf57c0335464a8cb06024",
    "description": "C1_LF_62_C1_U_UVBNVL",
    "productId": "650bf57c0335464a8cb05fca",
    "plannedFinished": "2019/01/01 06:14:34.000",
    "finished": "2019/01/01 06:09:48.000",
    "started": "2019/01/01 06:09:45.000",
    "quality": 11.0,
    "lastUpdated": 589.0,
    "allocatedId": "b404ef9d208f344dcf292f4f"
  },
  {
    "id": "650bf57c0335464a8cb06026",
    "description": "C1_LF_62_C1_U_UVBNHL",
    "productId": "650bf57c0335464a8cb05fca",
    "plannedFinished": "2019/01/01 06:14:37.000",
    "started": "2019/01/01 06:09:48.000",
    "lastUpdated": 589.0,
    "allocatedId": "b404ef9d208f344dcf292f4f"
  }
]