[
  {
    "id": "650bfd2c0335464a8cb1b967",
    "description": "C3_DK_4_C3_R3_TRIATTR3L",
    "productId": "650bfd2c0335464a8cb1b96a",
    "plannedFinished": "2019/01/01 08:02:32.000",
    "finished": "2019/01/01 08:06:20.000",
    "started": "2019/01/01 08:06:16.000",
    "quality": 6.0,
    "lastUpdated": 7580.0,
    "allocatedId": "58be3a730f8c44bd2575bc61"
  },
  {
    "id": "650bfd2c0335464a8cb1b968",
    "description": "C3_DK_4_C3_R3_TRIATTR3R",
    "productId": "650bfd2c0335464a8cb1b96a",
    "plannedFinished": "2019/01/01 08:02:34.000",
    "started": "2019/01/01 08:06:20.000",
    "lastUpdated": 7580.0,
    "allocatedId": "58be3a730f8c44bd2575bc61"
  }
]