[
  {
    "id": "650bfe710335464a8cb20228",
    "description": "C3_PW_100_C3_R3_TRIATTR3R",
    "productId": "650bfe710335464a8cb2022a",
    "plannedFinished": "2019/01/01 08:24:16.000",
    "finished": "2019/01/01 08:38:52.000",
    "started": "2019/01/01 08:38:50.000",
    "quality": 8.0,
    "lastUpdated": 9532.0,
    "allocatedId": "58be3a730f8c44bd2575bc61"
  },
  {
    "id": "650bfe710335464a8cb203f9",
    "description": "C3_TU_82_C3_R3_TRIATTR3L",
    "productId": "650bfe710335464a8cb203fc",
    "plannedFinished": "2019/01/01 08:24:06.000",
    "started": "2019/01/01 08:38:52.000",
    "lastUpdated": 9532.0,
    "allocatedId": "58be3a730f8c44bd2575bc61"
  }
]