[
  {
    "id": "650bf57d0335464a8cb0807f",
    "description": "C2_ET_68_C2_L_SPEC2",
    "productId": "650bf57d0335464a8cb0805b",
    "plannedFinished": "2019/01/01 06:47:09.000",
    "finished": "2019/01/01 06:22:59.000",
    "started": "2019/01/01 06:22:23.000",
    "quality": 11.0,
    "lastUpdated": 1379.0,
    "allocatedId": "926e1128aeeab70140df224d"
  },
  {
    "id": "650bf57e0335464a8cb08723",
    "description": "C2_AJ_26_C2_L_SPEC2",
    "productId": "650bf57e0335464a8cb086ff",
    "plannedFinished": "2019/01/01 06:42:57.000",
    "started": "2019/01/01 06:22:59.000",
    "lastUpdated": 1379.0,
    "allocatedId": "926e1128aeeab70140df224d"
  }
]