[
  {
    "id": "650bfc660335464a8cb190dd",
    "description": "C3_JY_37_C3_S2_IN2",
    "productId": "650bfc660335464a8cb19089",
    "plannedFinished": "2019/01/01 07:54:02.000",
    "finished": "2019/01/01 08:18:32.000",
    "started": "2019/01/01 08:18:26.000",
    "quality": 9.0,
    "lastUpdated": 8313.0,
    "allocatedId": "cf87d7b62f9b760d76702994"
  },
  {
    "id": "650bf57e0335464a8cb083c3",
    "description": "C2_MN_32_C2_S2_INL",
    "productId": "650bf57e0335464a8cb0837b",
    "plannedFinished": "2019/01/01 07:18:06.000",
    "started": "2019/01/01 08:18:32.000",
    "lastUpdated": 8313.0,
    "allocatedId": "cf87d7b62f9b760d76702994"
  }
]