[
  {
    "id": "650bfd2c0335464a8cb1bb1a",
    "description": "C2_GS_30_C2_R2_LIR",
    "productId": "650bfd2c0335464a8cb1bb1f",
    "plannedFinished": "2019/01/01 08:02:48.000",
    "finished": "2019/01/01 08:05:41.000",
    "started": "2019/01/01 08:05:38.000",
    "quality": 10.0,
    "lastUpdated": 7542.0,
    "allocatedId": "f62a2ae2729866c28ffd04fa"
  },
  {
    "id": "650bfd2c0335464a8cb1bc45",
    "description": "C2_YX_71_C2_R2_LIL",
    "productId": "650bfd2c0335464a8cb1bc4b",
    "plannedFinished": "2019/01/01 08:02:45.000",
    "started": "2019/01/01 08:05:41.000",
    "lastUpdated": 7542.0,
    "allocatedId": "f62a2ae2729866c28ffd04fa"
  }
]