[
  {
    "id": "650bf57c0335464a8cb06a63",
    "description": "C3_CX_72_C3_U_UCH",
    "productId": "650bf57c0335464a8cb06a08",
    "plannedFinished": "2019/01/01 06:15:58.000",
    "finished": "2019/01/01 06:10:08.000",
    "started": "2019/01/01 06:09:57.000",
    "quality": 10.0,
    "lastUpdated": 609.0,
    "allocatedId": "9ef526464e0053eb1ab54b96"
  },
  {
    "id": "650bf57c0335464a8cb06a61",
    "description": "C3_CX_72_C3_U_STCR",
    "productId": "650bf57c0335464a8cb06a08",
    "plannedFinished": "2019/01/01 06:20:14.000",
    "started": "2019/01/01 06:10:08.000",
    "lastUpdated": 609.0,
    "allocatedId": "9ef526464e0053eb1ab54b96"
  }
]