[
  {
    "id": "650bf57d0335464a8cb072b4",
    "description": "C3_QQ_97_C3_F3_F3FL",
    "productId": "650bf57d0335464a8cb07291",
    "plannedFinished": "2019/01/01 06:37:47.000",
    "finished": "2019/01/01 06:39:39.000",
    "started": "2019/01/01 06:39:24.000",
    "quality": 8.0,
    "lastUpdated": 2380.0,
    "allocatedId": "f4d62cf896a03f8bc5637c57"
  },
  {
    "id": "650bf57d0335464a8cb072b5",
    "description": "C3_QQ_97_C3_F3_F3F4",
    "productId": "650bf57d0335464a8cb07291",
    "plannedFinished": "2019/01/01 06:37:56.000",
    "started": "2019/01/01 06:39:39.000",
    "lastUpdated": 2380.0,
    "allocatedId": "f4d62cf896a03f8bc5637c57"
  }
]