[
  {
    "id": "650bf57c0335464a8cb069d3",
    "description": "C1_CE_16_C1_R3_REC2WIND",
    "productId": "650bf57c0335464a8cb06996",
    "plannedFinished": "2019/01/01 06:35:36.000",
    "finished": "2019/01/01 07:35:22.000",
    "started": "2019/01/01 07:35:10.000",
    "quality": 9.0,
    "lastUpdated": 5722.0,
    "allocatedId": "bfec9c1f025a40d511319fa0"
  },
  {
    "id": "650bf57c0335464a8cb069d0",
    "description": "C1_CE_16_C1_R3_R4LL",
    "productId": "650bf57c0335464a8cb06996",
    "plannedFinished": "2019/01/01 06:35:40.000",
    "started": "2019/01/01 07:35:22.000",
    "lastUpdated": 5722.0,
    "allocatedId": "bfec9c1f025a40d511319fa0"
  }
]