[
  {
    "id": "650bff140335464a8cb226ec",
    "description": "C3_TR_19_C3_R3_TRIATTR3L",
    "productId": "650bff140335464a8cb226ef",
    "plannedFinished": "2019/01/01 08:35:12.000",
    "finished": "2019/01/01 09:09:49.000",
    "started": "2019/01/01 09:09:45.000",
    "quality": 8.0,
    "lastUpdated": 11389.0,
    "allocatedId": "58be3a730f8c44bd2575bc61"
  },
  {
    "id": "650bff140335464a8cb226ed",
    "description": "C3_TR_19_C3_R3_TRIATTR3R",
    "productId": "650bff140335464a8cb226ef",
    "plannedFinished": "2019/01/01 08:35:14.000",
    "started": "2019/01/01 09:09:49.000",
    "lastUpdated": 11389.0,
    "allocatedId": "58be3a730f8c44bd2575bc61"
  }
]