[
  {
    "id": "650bfe020335464a8cb1e4c8",
    "description": "C3_JT_75_C3_F3_F3FL",
    "productId": "650bfe020335464a8cb1e4a5",
    "plannedFinished": "2019/01/01 08:28:55.000",
    "finished": "2019/01/01 09:26:27.000",
    "started": "2019/01/01 09:26:18.000",
    "quality": 13.0,
    "lastUpdated": 12388.0,
    "allocatedId": "f4d62cf896a03f8bc5637c57"
  },
  {
    "id": "650bfe020335464a8cb1e4c9",
    "description": "C3_JT_75_C3_F3_F3F4",
    "productId": "650bfe020335464a8cb1e4a5",
    "plannedFinished": "2019/01/01 08:29:04.000",
    "started": "2019/01/01 09:26:27.000",
    "lastUpdated": 12388.0,
    "allocatedId": "f4d62cf896a03f8bc5637c57"
  }
]