[
  {
    "id": "650bf57d0335464a8cb07a24",
    "description": "C3_KQ_87_C3_W1_WRL",
    "productId": "650bf57d0335464a8cb079c1",
    "plannedFinished": "2019/01/01 06:52:12.000",
    "finished": "2019/01/01 07:01:19.000",
    "started": "2019/01/01 07:01:07.000",
    "quality": 12.0,
    "lastUpdated": 3680.0,
    "allocatedId": "473ba469ac83eefc410323fa"
  },
  {
    "id": "650bf57d0335464a8cb07a25",
    "description": "C3_KQ_87_C3_W1_WRR",
    "productId": "650bf57d0335464a8cb079c1",
    "plannedFinished": "2019/01/01 06:52:24.000",
    "started": "2019/01/01 07:01:19.000",
    "lastUpdated": 3680.0,
    "allocatedId": "473ba469ac83eefc410323fa"
  }
]