[
  {
    "id": "650bffdf0335464a8cb24f41",
    "description": "C3_UA_92_C3_S2_INL",
    "productId": "650bffdf0335464a8cb24ef0",
    "plannedFinished": "2019/01/01 08:56:46.000",
    "finished": "2019/01/01 09:09:14.000",
    "started": "2019/01/01 09:09:05.000",
    "quality": 12.0,
    "lastUpdated": 11354.0,
    "allocatedId": "ddecbe314473609c55a9f110"
  },
  {
    "id": "650bffdf0335464a8cb24f42",
    "description": "C3_UA_92_C3_S2_INR",
    "productId": "650bffdf0335464a8cb24ef0",
    "plannedFinished": "2019/01/01 08:56:55.000",
    "started": "2019/01/01 09:09:14.000",
    "lastUpdated": 11354.0,
    "allocatedId": "ddecbe314473609c55a9f110"
  }
]