[
  {
    "id": "650bfd2b0335464a8cb1b6ac",
    "description": "C1_QS_40_C1_R3_BEPAN",
    "productId": "650bfd2b0335464a8cb1b671",
    "plannedFinished": "2019/01/01 08:23:17.000",
    "finished": "2019/01/01 09:06:02.000",
    "started": "2019/01/01 09:05:54.000",
    "quality": 10.0,
    "lastUpdated": 11162.0,
    "allocatedId": "1f618283a6cca5c054d69449"
  },
  {
    "id": "650bfd2b0335464a8cb1b6ad",
    "description": "C1_QS_40_C1_R3_BEJO",
    "productId": "650bfd2b0335464a8cb1b671",
    "plannedFinished": "2019/01/01 08:23:22.000",
    "started": "2019/01/01 09:06:02.000",
    "lastUpdated": 11162.0,
    "allocatedId": "1f618283a6cca5c054d69449"
  }
]