[
  {
    "id": "650bf57d0335464a8cb076f9",
    "description": "C3_KQ_31_C3_U_AXV",
    "productId": "650bf57d0335464a8cb0769c",
    "plannedFinished": "2019/01/01 06:51:57.000",
    "finished": "2019/01/01 06:53:20.000",
    "started": "2019/01/01 06:52:34.000",
    "quality": 12.0,
    "lastUpdated": 3200.0,
    "allocatedId": "0d278daeaab83b10202b1c5e"
  },
  {
    "id": "650bf57c0335464a8cb06bbe",
    "description": "C3_RM_54_C3_U_AXV",
    "productId": "650bf57c0335464a8cb06b61",
    "plannedFinished": "2019/01/01 06:52:39.000",
    "started": "2019/01/01 06:53:20.000",
    "lastUpdated": 3200.0,
    "allocatedId": "0d278daeaab83b10202b1c5e"
  }
]