[
  {
    "id": "650bffdf0335464a8cb25188",
    "description": "C2_SL_43_C2_F2_PRLL",
    "productId": "650bffdf0335464a8cb25192",
    "plannedFinished": "2019/01/01 08:48:46.000",
    "finished": "2019/01/01 08:59:16.000",
    "started": "2019/01/01 08:59:02.000",
    "quality": 11.0,
    "lastUpdated": 10756.0,
    "allocatedId": "c3ca25d4a5b7fe7abf0b82da"
  },
  {
    "id": "650bffdf0335464a8cb2505c",
    "description": "C2_PO_1_C2_F2_PRLL",
    "productId": "650bffdf0335464a8cb25066",
    "plannedFinished": "2019/01/01 08:48:34.000",
    "started": "2019/01/01 08:59:16.000",
    "lastUpdated": 10756.0,
    "allocatedId": "c3ca25d4a5b7fe7abf0b82da"
  }
]