[
  {
    "id": "650bf57b0335464a8cb05b15",
    "description": "C1_JE_60_C1_R2_RLR",
    "productId": "650bf57b0335464a8cb05b19",
    "plannedFinished": "2019/01/01 06:29:35.000",
    "finished": "2019/01/01 06:28:43.000",
    "started": "2019/01/01 06:28:38.000",
    "quality": 12.0,
    "lastUpdated": 1723.0,
    "allocatedId": "f62a2ae2729866c28ffd04fa"
  },
  {
    "id": "650bf57c0335464a8cb065c3",
    "description": "C1_AE_27_C1_R2_BRLR",
    "productId": "650bf57c0335464a8cb065c9",
    "plannedFinished": "2019/01/01 06:31:28.000",
    "started": "2019/01/01 06:28:43.000",
    "lastUpdated": 1723.0,
    "allocatedId": "f62a2ae2729866c28ffd04fa"
  }
]