[
  {
    "id": "650bf57d0335464a8cb077f9",
    "description": "C3_QR_95_C3_E_E2",
    "productId": "650bf57d0335464a8cb077f5",
    "plannedFinished": "2019/01/01 06:42:52.000",
    "finished": "2019/01/01 06:40:13.000",
    "started": "2019/01/01 06:39:56.000",
    "quality": 7.0,
    "lastUpdated": 2413.0,
    "allocatedId": "5d452e7a2b0121393aa79fdc"
  },
  {
    "id": "650bf57d0335464a8cb0784a",
    "description": "C3_QR_95_C3_S2_OUL",
    "productId": "650bf57d0335464a8cb077f5",
    "plannedFinished": "2019/01/01 06:43:00.000",
    "started": "2019/01/01 06:40:13.000",
    "lastUpdated": 2413.0,
    "allocatedId": "5d452e7a2b0121393aa79fdc"
  }
]