[
  {
    "id": "650bf57e0335464a8cb08836",
    "description": "C2_QY_4_C2_F2_PRLR",
    "productId": "650bf57e0335464a8cb0883f",
    "plannedFinished": "2019/01/01 06:10:40.000",
    "finished": "2019/01/01 06:10:26.000",
    "started": "2019/01/01 06:10:22.000",
    "quality": 7.0,
    "lastUpdated": 627.0,
    "allocatedId": "d84914705f8d02af00613f51"
  },
  {
    "id": "650bf57d0335464a8cb07c7d",
    "description": "C2_CQ_84_C2_F2_PRLL",
    "productId": "650bf57d0335464a8cb07c87",
    "plannedFinished": "2019/01/01 06:10:54.000",
    "started": "2019/01/01 06:10:26.000",
    "lastUpdated": 627.0,
    "allocatedId": "d84914705f8d02af00613f51"
  }
]