[
  {
    "id": "650bf57c0335464a8cb068dd",
    "description": "C1_RN_16_C1_R2_MODR22",
    "productId": "650bf57c0335464a8cb068e7",
    "plannedFinished": "2019/01/01 06:37:33.000",
    "finished": "2019/01/01 06:40:24.000",
    "started": "2019/01/01 06:40:17.000",
    "quality": 8.0,
    "lastUpdated": 2424.0,
    "allocatedId": "1b277f9c4801dd36a9525033"
  },
  {
    "id": "650bf57b0335464a8cb057f1",
    "description": "C1_AA_87_C1_R2_MODR22",
    "productId": "650bf57b0335464a8cb057fb",
    "plannedFinished": "2019/01/01 06:37:55.000",
    "started": "2019/01/01 06:40:24.000",
    "lastUpdated": 2424.0,
    "allocatedId": "1b277f9c4801dd36a9525033"
  }
]