[
  {
    "id": "650bfbae0335464a8cb16b4b",
    "description": "C1_DP_51_C1_R2_RLR",
    "productId": "650bfbae0335464a8cb16b4f",
    "plannedFinished": "2019/01/01 07:39:53.000",
    "finished": "2019/01/01 07:51:35.000",
    "started": "2019/01/01 07:51:30.000",
    "quality": 13.0,
    "lastUpdated": 6695.0,
    "allocatedId": "f62a2ae2729866c28ffd04fa"
  },
  {
    "id": "650bfb130335464a8cb1517a",
    "description": "C2_MB_12_C2_F2_LAF41",
    "productId": "650bfb130335464a8cb1517f",
    "plannedFinished": "2019/01/01 07:29:49.000",
    "started": "2019/01/01 07:51:35.000",
    "lastUpdated": 6695.0,
    "allocatedId": "f62a2ae2729866c28ffd04fa"
  }
]