[
  {
    "id": "650bf57c0335464a8cb06832",
    "description": "C1_DH_98_C1_W1_WRR",
    "productId": "650bf57c0335464a8cb067ce",
    "plannedFinished": "2019/01/01 06:43:50.000",
    "finished": "2019/01/01 07:33:09.000",
    "started": "2019/01/01 07:32:57.000",
    "quality": 8.0,
    "lastUpdated": 5589.0,
    "allocatedId": "473ba469ac83eefc410323fa"
  },
  {
    "id": "650bf57c0335464a8cb067bf",
    "description": "C1_XQ_34_C1_W1_WRL",
    "productId": "650bf57c0335464a8cb0675c",
    "plannedFinished": "2019/01/01 06:48:24.000",
    "started": "2019/01/01 07:33:09.000",
    "lastUpdated": 5590.0,
    "allocatedId": "473ba469ac83eefc410323fa"
  }
]