[
  {
    "id": "650bf57c0335464a8cb063b4",
    "description": "C1_NS_8_C1_U_UVBNVL",
    "productId": "650bf57c0335464a8cb0635a",
    "plannedFinished": "2019/01/01 06:16:51.000",
    "finished": "2019/01/01 06:16:21.000",
    "started": "2019/01/01 06:16:18.000",
    "quality": 9.0,
    "lastUpdated": 982.0,
    "allocatedId": "b404ef9d208f344dcf292f4f"
  },
  {
    "id": "650bf57c0335464a8cb063b6",
    "description": "C1_NS_8_C1_U_UVBNHL",
    "productId": "650bf57c0335464a8cb0635a",
    "plannedFinished": "2019/01/01 06:17:02.000",
    "started": "2019/01/01 06:16:21.000",
    "lastUpdated": 982.0,
    "allocatedId": "b404ef9d208f344dcf292f4f"
  }
]