[
  {
    "id": "650bf57d0335464a8cb07cc6",
    "description": "C2_CQ_84_C2_U_UVR",
    "productId": "650bf57d0335464a8cb07c73",
    "plannedFinished": "2019/01/01 06:12:48.000",
    "finished": "2019/01/01 06:06:00.000",
    "started": "2019/01/01 06:05:39.000",
    "quality": 10.0,
    "lastUpdated": 360.0,
    "allocatedId": "c406745e13355bf76dc088dc"
  },
  {
    "id": "650bf57d0335464a8cb080ad",
    "description": "C2_ET_68_C2_U_UVL",
    "productId": "650bf57d0335464a8cb0805b",
    "plannedFinished": "2019/01/01 06:13:09.000",
    "started": "2019/01/01 06:06:00.000",
    "lastUpdated": 360.0,
    "allocatedId": "c406745e13355bf76dc088dc"
  }
]