[
  {
    "id": "650bff140335464a8cb22783",
    "description": "C3_IT_90_C3_W1F_W1F4",
    "productId": "650bff140335464a8cb2271b",
    "plannedFinished": "2019/01/01 08:44:54.000",
    "finished": "2019/01/01 09:15:59.000",
    "started": "2019/01/01 09:15:41.000",
    "quality": 6.0,
    "lastUpdated": 11759.0,
    "allocatedId": "cdf423ea65722a555f0129f3"
  },
  {
    "id": "650bffdf0335464a8cb2523e",
    "description": "C2_KX_0_C2_W1F_W1FL",
    "productId": "650bffdf0335464a8cb251e2",
    "plannedFinished": "2019/01/01 08:52:08.000",
    "started": "2019/01/01 09:15:59.000",
    "lastUpdated": 11759.0,
    "allocatedId": "cdf423ea65722a555f0129f3"
  }
]