[
  {
    "id": "650bf57d0335464a8cb06ed9",
    "description": "C3_CV_60_C3_S2_IN1",
    "productId": "650bf57d0335464a8cb06e86",
    "plannedFinished": "2019/01/01 06:47:58.000",
    "finished": "2019/01/01 06:50:16.000",
    "started": "2019/01/01 06:50:10.000",
    "quality": 8.0,
    "lastUpdated": 3016.0,
    "allocatedId": "cf87d7b62f9b760d76702994"
  },
  {
    "id": "650bf57d0335464a8cb06eda",
    "description": "C3_CV_60_C3_S2_IN2",
    "productId": "650bf57d0335464a8cb06e86",
    "plannedFinished": "2019/01/01 06:48:04.000",
    "started": "2019/01/01 06:50:16.000",
    "lastUpdated": 3016.0,
    "allocatedId": "cf87d7b62f9b760d76702994"
  }
]