[
  {
    "id": "650bfd2c0335464a8cb1babc",
    "description": "C3_MG_48_C3_R3_REC2R3CONL",
    "productId": "650bfd2c0335464a8cb1bac3",
    "plannedFinished": "2019/01/01 08:02:32.000",
    "finished": "2019/01/01 08:07:52.000",
    "started": "2019/01/01 08:07:47.000",
    "quality": 10.0,
    "lastUpdated": 7673.0,
    "allocatedId": "9ef526464e0053eb1ab54b96"
  },
  {
    "id": "650bfd2c0335464a8cb1babd",
    "description": "C3_MG_48_C3_R3_REC2R3CONR",
    "productId": "650bfd2c0335464a8cb1bac3",
    "plannedFinished": "2019/01/01 08:02:34.000",
    "started": "2019/01/01 08:07:52.000",
    "lastUpdated": 7673.0,
    "allocatedId": "9ef526464e0053eb1ab54b96"
  }
]