[
  {
    "id": "650bfb130335464a8cb14b9f",
    "description": "C1_WS_17_C1_S1_S2CONR",
    "productId": "650bfb130335464a8cb14b54",
    "plannedFinished": "2019/01/01 07:42:35.000",
    "finished": "2019/01/01 08:46:25.000",
    "started": "2019/01/01 08:46:16.000",
    "quality": 8.0,
    "lastUpdated": 9986.0,
    "allocatedId": "1b277f9c4801dd36a9525033"
  },
  {
    "id": "650bfe020335464a8cb1e677",
    "description": "C2_PD_76_C2_R2_BUMPR",
    "productId": "650bfe020335464a8cb1e679",
    "plannedFinished": "2019/01/01 08:17:24.000",
    "started": "2019/01/01 08:46:25.000",
    "lastUpdated": 9986.0,
    "allocatedId": "1b277f9c4801dd36a9525033"
  }
]