[
  {
    "id": "650bff140335464a8cb22836",
    "description": "C3_EE_2_C3_R2_RLR",
    "productId": "650bff140335464a8cb2283b",
    "plannedFinished": "2019/01/01 08:35:05.000",
    "finished": "2019/01/01 08:37:37.000",
    "started": "2019/01/01 08:37:34.000",
    "quality": 11.0,
    "lastUpdated": 9457.0,
    "allocatedId": "f62a2ae2729866c28ffd04fa"
  },
  {
    "id": "650bff150335464a8cb22a42",
    "description": "C2_BQ_84_C2_R2_LIL",
    "productId": "650bff150335464a8cb22a48",
    "plannedFinished": "2019/01/01 08:35:11.000",
    "started": "2019/01/01 08:37:37.000",
    "lastUpdated": 9457.0,
    "allocatedId": "f62a2ae2729866c28ffd04fa"
  }
]