[
  {
    "id": "650bfbae0335464a8cb16bbb",
    "description": "C1_JE_64_C1_R2_MODR2GRNDR",
    "productId": "650bfbae0335464a8cb16bc3",
    "plannedFinished": "2019/01/01 07:49:43.000",
    "finished": "2019/01/01 07:52:17.000",
    "started": "2019/01/01 07:52:05.000",
    "quality": 9.0,
    "lastUpdated": 6738.0,
    "allocatedId": "66d18314b69cee9511a6f231"
  },
  {
    "id": "650bfbae0335464a8cb16c9e",
    "description": "C1_OO_38_C1_R2_MODR2GRNDL",
    "productId": "650bfbae0335464a8cb16ca7",
    "plannedFinished": "2019/01/01 07:49:55.000",
    "started": "2019/01/01 07:52:17.000",
    "lastUpdated": 6738.0,
    "allocatedId": "66d18314b69cee9511a6f231"
  }
]