[
  {
    "id": "650bfe020335464a8cb1e382",
    "description": "C3_HV_25_C3_R2_EXH",
    "productId": "650bfe020335464a8cb1e386",
    "plannedFinished": "2019/01/01 08:17:51.000",
    "finished": "2019/01/01 08:25:18.000",
    "started": "2019/01/01 08:25:05.000",
    "quality": 10.0,
    "lastUpdated": 8719.0,
    "allocatedId": "d84914705f8d02af00613f51"
  },
  {
    "id": "650bfe020335464a8cb1e30f",
    "description": "C3_VQ_31_C3_R2_EXH",
    "productId": "650bfe020335464a8cb1e313",
    "plannedFinished": "2019/01/01 08:18:05.000",
    "started": "2019/01/01 08:25:18.000",
    "lastUpdated": 8719.0,
    "allocatedId": "d84914705f8d02af00613f51"
  }
]