[
  {
    "id": "650bf57d0335464a8cb0752b",
    "description": "C3_NA_54_C3_U_UCH",
    "productId": "650bf57d0335464a8cb074d0",
    "plannedFinished": "2019/01/01 06:15:54.000",
    "finished": "2019/01/01 06:10:02.000",
    "started": "2019/01/01 06:09:55.000",
    "quality": 7.0,
    "lastUpdated": 603.0,
    "allocatedId": "58be3a730f8c44bd2575bc61"
  },
  {
    "id": "650bf57d0335464a8cb07b02",
    "description": "C3_NO_15_C3_U_UCH",
    "productId": "650bf57d0335464a8cb07aa7",
    "plannedFinished": "2019/01/01 06:16:01.000",
    "started": "2019/01/01 06:10:02.000",
    "lastUpdated": 603.0,
    "allocatedId": "58be3a730f8c44bd2575bc61"
  }
]