[
  {
    "id": "650bf57b0335464a8cb05dcf",
    "description": "C1_QY_41_C1_R3_M",
    "productId": "650bf57b0335464a8cb05d90",
    "plannedFinished": "2019/01/01 06:41:39.000",
    "finished": "2019/01/01 08:20:15.000",
    "started": "2019/01/01 08:20:10.000",
    "quality": 9.0,
    "lastUpdated": 8415.0,
    "allocatedId": "1f618283a6cca5c054d69449"
  },
  {
    "id": "650bfbae0335464a8cb16a75",
    "description": "C1_WF_86_C1_R3_M",
    "productId": "650bfbae0335464a8cb16a36",
    "plannedFinished": "2019/01/01 07:44:33.000",
    "started": "2019/01/01 08:20:15.000",
    "lastUpdated": 8415.0,
    "allocatedId": "1f618283a6cca5c054d69449"
  }
]