[
  {
    "id": "650bf57c0335464a8cb06d0d",
    "description": "C3_TK_17_C3_S2_IN1",
    "productId": "650bf57c0335464a8cb06cba",
    "plannedFinished": "2019/01/01 06:41:37.000",
    "finished": "2019/01/01 06:39:47.000",
    "started": "2019/01/01 06:39:33.000",
    "quality": 8.0,
    "lastUpdated": 2387.0,
    "allocatedId": "cf87d7b62f9b760d76702994"
  },
  {
    "id": "650bf57c0335464a8cb06d0e",
    "description": "C3_TK_17_C3_S2_IN2",
    "productId": "650bf57c0335464a8cb06cba",
    "plannedFinished": "2019/01/01 06:41:43.000",
    "started": "2019/01/01 06:39:47.000",
    "lastUpdated": 2387.0,
    "allocatedId": "cf87d7b62f9b760d76702994"
  }
]