[
  {
    "id": "650bf57c0335464a8cb0682c",
    "description": "C1_DH_98_C1_U_KRV",
    "productId": "650bf57c0335464a8cb067ce",
    "plannedFinished": "2019/01/01 06:21:25.000",
    "finished": "2019/01/01 06:24:16.000",
    "started": "2019/01/01 06:23:59.000",
    "quality": 13.0,
    "lastUpdated": 1456.0,
    "allocatedId": "58be3a730f8c44bd2575bc61"
  },
  {
    "id": "650bf57c0335464a8cb0683d",
    "description": "C1_DH_98_C1_W1R_W1RL",
    "productId": "650bf57c0335464a8cb067ce",
    "plannedFinished": "2019/01/01 06:21:36.000",
    "started": "2019/01/01 06:24:16.000",
    "lastUpdated": 1456.0,
    "allocatedId": "58be3a730f8c44bd2575bc61"
  }
]