[
  {
    "id": "650bf57c0335464a8cb06a17",
    "description": "C3_CX_72_C3_F2_FLR",
    "productId": "650bf57c0335464a8cb06a20",
    "plannedFinished": "2019/01/01 06:19:27.000",
    "finished": "2019/01/01 06:36:01.000",
    "started": "2019/01/01 06:35:55.000",
    "quality": 10.0,
    "lastUpdated": 2161.0,
    "allocatedId": "f62a2ae2729866c28ffd04fa"
  },
  {
    "id": "650bf57d0335464a8cb07adc",
    "description": "C3_NO_15_C3_R2_RLR",
    "productId": "650bf57d0335464a8cb07ae1",
    "plannedFinished": "2019/01/01 06:12:39.000",
    "started": "2019/01/01 06:36:01.000",
    "lastUpdated": 2161.0,
    "allocatedId": "f62a2ae2729866c28ffd04fa"
  }
]