[
  {
    "id": "650bf57b0335464a8cb05deb",
    "description": "C1_QY_41_C1_U_UVBNVR",
    "productId": "650bf57b0335464a8cb05d90",
    "plannedFinished": "2019/01/01 06:18:36.000",
    "finished": "2019/01/01 06:29:04.000",
    "started": "2019/01/01 06:28:55.000",
    "quality": 12.0,
    "lastUpdated": 1744.0,
    "allocatedId": "b404ef9d208f344dcf292f4f"
  },
  {
    "id": "650bf57b0335464a8cb05ded",
    "description": "C1_QY_41_C1_U_UVBNHR",
    "productId": "650bf57b0335464a8cb05d90",
    "plannedFinished": "2019/01/01 06:18:39.000",
    "started": "2019/01/01 06:29:04.000",
    "lastUpdated": 1744.0,
    "allocatedId": "b404ef9d208f344dcf292f4f"
  }
]