[
  {
    "id": "650bf57c0335464a8cb06344",
    "description": "C1_JM_64_C1_U_UVBNHL",
    "productId": "650bf57c0335464a8cb062e8",
    "plannedFinished": "2019/01/01 06:16:48.000",
    "finished": "2019/01/01 06:17:32.000",
    "started": "2019/01/01 06:17:28.000",
    "quality": 11.0,
    "lastUpdated": 1052.0,
    "allocatedId": "b404ef9d208f344dcf292f4f"
  },
  {
    "id": "650bf57b0335464a8cb059e8",
    "description": "C1_OS_73_C1_U_UVBNVL",
    "productId": "650bf57b0335464a8cb0598e",
    "plannedFinished": "2019/01/01 06:16:55.000",
    "started": "2019/01/01 06:17:32.000",
    "lastUpdated": 1052.0,
    "allocatedId": "b404ef9d208f344dcf292f4f"
  }
]