[
  {
    "id": "650bfe710335464a8cb20565",
    "description": "C2_RH_13_C2_F2_LAFL2",
    "productId": "650bfe710335464a8cb2056b",
    "plannedFinished": "2019/01/01 08:26:11.000",
    "finished": "2019/01/01 08:53:23.000",
    "started": "2019/01/01 08:53:11.000",
    "quality": 8.0,
    "lastUpdated": 10404.0,
    "allocatedId": "a343ca34a020603a9b46f3ca"
  },
  {
    "id": "650bff140335464a8cb22477",
    "description": "C1_EI_28_C1_F2_LL",
    "productId": "650bff140335464a8cb22481",
    "plannedFinished": "2019/01/01 08:49:16.000",
    "started": "2019/01/01 08:53:23.000",
    "lastUpdated": 10404.0,
    "allocatedId": "a343ca34a020603a9b46f3ca"
  }
]