[
  {
    "id": "650bf57d0335464a8cb079f0",
    "description": "C3_KQ_87_C3_R1_MODR2INT",
    "productId": "650bf57d0335464a8cb079c1",
    "plannedFinished": "2019/01/01 06:54:13.000",
    "finished": "2019/01/01 07:08:59.000",
    "started": "2019/01/01 07:08:26.000",
    "quality": 10.0,
    "lastUpdated": 4140.0,
    "allocatedId": "7454c32cca8e5c7e6c9d086e"
  },
  {
    "id": "650bf57e0335464a8cb089e2",
    "description": "C2_MZ_13_C2_R1_MODR2INT",
    "productId": "650bf57e0335464a8cb089bb",
    "plannedFinished": "2019/01/01 06:45:20.000",
    "started": "2019/01/01 07:08:59.000",
    "lastUpdated": 4140.0,
    "allocatedId": "7454c32cca8e5c7e6c9d086e"
  }
]