[
  {
    "id": "650bf57d0335464a8cb07318",
    "description": "C3_ZH_32_C3_F2_LF2L",
    "productId": "650bf57d0335464a8cb0731c",
    "plannedFinished": "2019/01/01 06:35:18.000",
    "finished": "2019/01/01 06:33:00.000",
    "started": "2019/01/01 06:32:48.000",
    "quality": 9.0,
    "lastUpdated": 1981.0,
    "allocatedId": "6fd04c35a3b40bace72c982c"
  },
  {
    "id": "650bf57d0335464a8cb07319",
    "description": "C3_ZH_32_C3_F2_LF2R",
    "productId": "650bf57d0335464a8cb0731c",
    "plannedFinished": "2019/01/01 06:35:30.000",
    "started": "2019/01/01 06:33:00.000",
    "lastUpdated": 1981.0,
    "allocatedId": "6fd04c35a3b40bace72c982c"
  }
]