[
  {
    "id": "650bf57c0335464a8cb060cb",
    "description": "C1_WO_60_C1_F4_F2PR1",
    "productId": "650bf57c0335464a8cb060ae",
    "plannedFinished": "2019/01/01 06:29:26.000",
    "finished": "2019/01/01 07:02:32.000",
    "started": "2019/01/01 07:02:28.000",
    "quality": 10.0,
    "lastUpdated": 3753.0,
    "allocatedId": "bce79d39a660e56b5b142095"
  },
  {
    "id": "650bf57c0335464a8cb060cc",
    "description": "C1_WO_60_C1_F4_F2PR2",
    "productId": "650bf57c0335464a8cb060ae",
    "plannedFinished": "2019/01/01 06:29:30.000",
    "started": "2019/01/01 07:02:32.000",
    "lastUpdated": 3753.0,
    "allocatedId": "bce79d39a660e56b5b142095"
  }
]