[
  {
    "id": "650bfc660335464a8cb191a8",
    "description": "C3_XX_16_C3_R2_EXH",
    "productId": "650bfc660335464a8cb191ac",
    "plannedFinished": "2019/01/01 07:50:42.000",
    "finished": "2019/01/01 08:15:17.000",
    "started": "2019/01/01 08:15:03.000",
    "quality": 8.0,
    "lastUpdated": 8117.0,
    "allocatedId": "d84914705f8d02af00613f51"
  },
  {
    "id": "650bfc660335464a8cb19049",
    "description": "C3_RW_46_C3_R2_EXH",
    "productId": "650bfc660335464a8cb1904d",
    "plannedFinished": "2019/01/01 07:50:55.000",
    "started": "2019/01/01 08:15:17.000",
    "lastUpdated": 8117.0,
    "allocatedId": "d84914705f8d02af00613f51"
  }
]