[
  {
    "id": "650bfe700335464a8cb200be",
    "description": "C1_AO_75_C1_R2_RLR",
    "productId": "650bfe700335464a8cb200c2",
    "plannedFinished": "2019/01/01 08:37:36.000",
    "finished": "2019/01/01 08:52:08.000",
    "started": "2019/01/01 08:52:04.000",
    "quality": 7.0,
    "lastUpdated": 10329.0,
    "allocatedId": "f62a2ae2729866c28ffd04fa"
  },
  {
    "id": "650bff140335464a8cb2279d",
    "description": "C3_AL_23_C3_F2_FLR",
    "productId": "650bff140335464a8cb227a6",
    "plannedFinished": "2019/01/01 08:36:34.000",
    "started": "2019/01/01 08:52:08.000",
    "lastUpdated": 10329.0,
    "allocatedId": "f62a2ae2729866c28ffd04fa"
  }
]