[
  {
    "id": "650bfbae0335464a8cb16bad",
    "description": "C1_JE_64_C1_F4_F2PR3",
    "productId": "650bfbae0335464a8cb16b8e",
    "plannedFinished": "2019/01/01 07:55:34.000",
    "finished": "2019/01/01 08:25:17.000",
    "started": "2019/01/01 08:25:04.000",
    "quality": 10.0,
    "lastUpdated": 8717.0,
    "allocatedId": "7dc58ab391f497bd93c86283"
  },
  {
    "id": "650bfbae0335464a8cb16bae",
    "description": "C1_JE_64_C1_F4_F4RL",
    "productId": "650bfbae0335464a8cb16b8e",
    "plannedFinished": "2019/01/01 07:55:52.000",
    "started": "2019/01/01 08:25:17.000",
    "lastUpdated": 8717.0,
    "allocatedId": "7dc58ab391f497bd93c86283"
  }
]