[
  {
    "id": "650bff140335464a8cb2277e",
    "description": "C3_IT_90_C3_W1_WRL",
    "productId": "650bff140335464a8cb2271b",
    "plannedFinished": "2019/01/01 08:46:10.000",
    "finished": "2019/01/01 09:19:35.000",
    "started": "2019/01/01 09:19:23.000",
    "quality": 8.0,
    "lastUpdated": 11975.0,
    "allocatedId": "473ba469ac83eefc410323fa"
  },
  {
    "id": "650bfd2c0335464a8cb1b7bb",
    "description": "C1_AG_37_C1_W1_WRR",
    "productId": "650bfd2c0335464a8cb1b757",
    "plannedFinished": "2019/01/01 08:32:52.000",
    "started": "2019/01/01 09:19:35.000",
    "lastUpdated": 11975.0,
    "allocatedId": "473ba469ac83eefc410323fa"
  }
]