[
  {
    "id": "650bfb130335464a8cb14ef9",
    "description": "C3_JF_54_C3_F2_CBU",
    "productId": "650bfb130335464a8cb14efe",
    "plannedFinished": "2019/01/01 07:29:19.000",
    "finished": "2019/01/01 07:46:43.000",
    "started": "2019/01/01 07:46:40.000",
    "quality": 11.0,
    "lastUpdated": 6404.0,
    "allocatedId": "df768900947981f11bc3eba6"
  },
  {
    "id": "650bfb130335464a8cb14b70",
    "description": "C1_WS_17_C1_F4_F2BOND",
    "productId": "650bfb130335464a8cb14b54",
    "plannedFinished": "2019/01/01 07:30:38.000",
    "started": "2019/01/01 07:46:43.000",
    "lastUpdated": 6404.0,
    "allocatedId": "df768900947981f11bc3eba6"
  }
]