[
  {
    "id": "650bfbae0335464a8cb1706a",
    "description": "C2_SM_25_C2_F2_BUF4",
    "productId": "650bfbae0335464a8cb1706b",
    "plannedFinished": "2019/01/01 07:37:20.000",
    "finished": "2019/01/01 07:59:41.000",
    "started": "2019/01/01 07:59:36.000",
    "quality": 10.0,
    "lastUpdated": 7181.0,
    "allocatedId": "6239eab0b1bb07fa88ecc5a2"
  },
  {
    "id": "650bfbae0335464a8cb170cc",
    "description": "C2_AO_83_C2_F2_BUFL",
    "productId": "650bfbae0335464a8cb170cf",
    "plannedFinished": "2019/01/01 07:37:06.000",
    "started": "2019/01/01 07:59:41.000",
    "lastUpdated": 7181.0,
    "allocatedId": "6239eab0b1bb07fa88ecc5a2"
  }
]