[
  {
    "id": "650bff140335464a8cb2255c",
    "description": "C1_MZ_50_C1_F2_LR",
    "productId": "650bff140335464a8cb22565",
    "plannedFinished": "2019/01/01 09:00:28.000",
    "finished": "2019/01/01 09:09:22.000",
    "started": "2019/01/01 09:09:16.000",
    "quality": 11.0,
    "lastUpdated": 11362.0,
    "allocatedId": "f62a2ae2729866c28ffd04fa"
  },
  {
    "id": "650c00880335464a8cb27816",
    "description": "C2_BO_28_C2_F2_LAFL1",
    "productId": "650c00880335464a8cb2781d",
    "plannedFinished": "2019/01/01 09:00:56.000",
    "started": "2019/01/01 09:09:22.000",
    "lastUpdated": 11362.0,
    "allocatedId": "f62a2ae2729866c28ffd04fa"
  }
]