[
  {
    "id": "650bf57b0335464a8cb05dad",
    "description": "C1_QY_41_C1_F4_F2PR1",
    "productId": "650bf57b0335464a8cb05d90",
    "plannedFinished": "2019/01/01 06:29:57.000",
    "finished": "2019/01/01 07:04:32.000",
    "started": "2019/01/01 07:04:25.000",
    "quality": 12.0,
    "lastUpdated": 3873.0,
    "allocatedId": "f1987de3addc9193998b2324"
  },
  {
    "id": "650bf57b0335464a8cb05dae",
    "description": "C1_QY_41_C1_F4_F2PR2",
    "productId": "650bf57b0335464a8cb05d90",
    "plannedFinished": "2019/01/01 06:30:02.000",
    "started": "2019/01/01 07:04:32.000",
    "lastUpdated": 3873.0,
    "allocatedId": "f1987de3addc9193998b2324"
  }
]