[
  {
    "id": "650bf57c0335464a8cb06798",
    "description": "C1_XQ_34_C1_R3_BEJO",
    "productId": "650bf57c0335464a8cb0675c",
    "plannedFinished": "2019/01/01 06:31:30.000",
    "finished": "2019/01/01 06:57:55.000",
    "started": "2019/01/01 06:57:49.000",
    "quality": 12.0,
    "lastUpdated": 3475.0,
    "allocatedId": "1f618283a6cca5c054d69449"
  },
  {
    "id": "650bf57c0335464a8cb06795",
    "description": "C1_XQ_34_C1_R3_TRREINF",
    "productId": "650bf57c0335464a8cb0675c",
    "plannedFinished": "2019/01/01 06:31:33.000",
    "started": "2019/01/01 06:57:55.000",
    "lastUpdated": 3475.0,
    "allocatedId": "1f618283a6cca5c054d69449"
  }
]