[
  {
    "id": "650bf57c0335464a8cb068e2",
    "description": "C1_RN_16_C1_R2_RLL",
    "productId": "650bf57c0335464a8cb068e7",
    "plannedFinished": "2019/01/01 06:37:48.000",
    "finished": "2019/01/01 06:40:41.000",
    "started": "2019/01/01 06:40:37.000",
    "quality": 11.0,
    "lastUpdated": 2442.0,
    "allocatedId": "f62a2ae2729866c28ffd04fa"
  },
  {
    "id": "650bf57c0335464a8cb068e3",
    "description": "C1_RN_16_C1_R2_RLR",
    "productId": "650bf57c0335464a8cb068e7",
    "plannedFinished": "2019/01/01 06:37:55.000",
    "started": "2019/01/01 06:40:41.000",
    "lastUpdated": 2442.0,
    "allocatedId": "f62a2ae2729866c28ffd04fa"
  }
]