[
  {
    "id": "650bf57e0335464a8cb088ad",
    "description": "C2_HO_79_C2_F4_F2CON",
    "productId": "650bf57e0335464a8cb0888f",
    "plannedFinished": "2019/01/01 06:49:15.000",
    "finished": "2019/01/01 06:56:29.000",
    "started": "2019/01/01 06:56:18.000",
    "quality": 12.0,
    "lastUpdated": 3390.0,
    "allocatedId": "9ef526464e0053eb1ab54b96"
  },
  {
    "id": "650bf57e0335464a8cb08529",
    "description": "C2_SI_58_C2_F4_F2CON",
    "productId": "650bf57e0335464a8cb0850b",
    "plannedFinished": "2019/01/01 06:48:33.000",
    "started": "2019/01/01 06:56:29.000",
    "lastUpdated": 3390.0,
    "allocatedId": "9ef526464e0053eb1ab54b96"
  }
]