[
  {
    "id": "650bf57e0335464a8cb081fa",
    "description": "C2_UM_52_C2_F2_LAF41",
    "productId": "650bf57e0335464a8cb081ff",
    "plannedFinished": "2019/01/01 06:22:54.000",
    "finished": "2019/01/01 06:28:38.000",
    "started": "2019/01/01 06:28:26.000",
    "quality": 10.0,
    "lastUpdated": 1719.0,
    "allocatedId": "a343ca34a020603a9b46f3ca"
  },
  {
    "id": "650bf57e0335464a8cb081fb",
    "description": "C2_UM_52_C2_F2_LAF42",
    "productId": "650bf57e0335464a8cb081ff",
    "plannedFinished": "2019/01/01 06:23:06.000",
    "started": "2019/01/01 06:28:38.000",
    "lastUpdated": 1719.0,
    "allocatedId": "a343ca34a020603a9b46f3ca"
  }
]