[
  {
    "id": "650bf57b0335464a8cb05a8f",
    "description": "C1_JU_39_C1_F4_F2PR1",
    "productId": "650bf57b0335464a8cb05a72",
    "plannedFinished": "2019/01/01 06:23:25.000",
    "finished": "2019/01/01 06:30:42.000",
    "started": "2019/01/01 06:30:33.000",
    "quality": 8.0,
    "lastUpdated": 1843.0,
    "allocatedId": "92b96e53db6cdb8d116e22f4"
  },
  {
    "id": "650bf57b0335464a8cb05a90",
    "description": "C1_JU_39_C1_F4_F2PR2",
    "productId": "650bf57b0335464a8cb05a72",
    "plannedFinished": "2019/01/01 06:23:34.000",
    "started": "2019/01/01 06:30:42.000",
    "lastUpdated": 1843.0,
    "allocatedId": "92b96e53db6cdb8d116e22f4"
  }
]