[
  {
    "id": "650bf57e0335464a8cb082c0",
    "description": "C2_OR_31_C2_F2_LAFL1",
    "productId": "650bf57e0335464a8cb082c7",
    "plannedFinished": "2019/01/01 06:31:18.000",
    "finished": "2019/01/01 06:42:42.000",
    "started": "2019/01/01 06:42:30.000",
    "quality": 9.0,
    "lastUpdated": 2563.0,
    "allocatedId": "6fd04c35a3b40bace72c982c"
  },
  {
    "id": "650bf57e0335464a8cb086c6",
    "description": "C2_FV_52_C2_R2_LIR",
    "productId": "650bf57e0335464a8cb086cb",
    "plannedFinished": "2019/01/01 06:13:42.000",
    "started": "2019/01/01 06:42:42.000",
    "lastUpdated": 2563.0,
    "allocatedId": "6fd04c35a3b40bace72c982c"
  }
]