[
  {
    "id": "650bf57e0335464a8cb08bd3",
    "description": "C2_DE_91_C2_L_SPEC2",
    "productId": "650bf57e0335464a8cb08baf",
    "plannedFinished": "2019/01/01 06:52:33.000",
    "finished": "2019/01/01 06:56:03.000",
    "started": "2019/01/01 06:55:27.000",
    "quality": 11.0,
    "lastUpdated": 3364.0,
    "allocatedId": "926e1128aeeab70140df224d"
  },
  {
    "id": "650bf57e0335464a8cb08467",
    "description": "C2_MF_40_C2_L_SPEC2",
    "productId": "650bf57e0335464a8cb08443",
    "plannedFinished": "2019/01/01 06:49:33.000",
    "started": "2019/01/01 06:56:03.000",
    "lastUpdated": 3364.0,
    "allocatedId": "926e1128aeeab70140df224d"
  }
]