[
  {
    "id": "650bfe020335464a8cb1e310",
    "description": "C3_VQ_31_C3_R2_BUMPL",
    "productId": "650bfe020335464a8cb1e313",
    "plannedFinished": "2019/01/01 08:18:15.000",
    "finished": "2019/01/01 08:29:45.000",
    "started": "2019/01/01 08:29:39.000",
    "quality": 10.0,
    "lastUpdated": 8985.0,
    "allocatedId": "1b277f9c4801dd36a9525033"
  },
  {
    "id": "650bfe020335464a8cb1e311",
    "description": "C3_VQ_31_C3_R2_BUMPR",
    "productId": "650bfe020335464a8cb1e313",
    "plannedFinished": "2019/01/01 08:18:21.000",
    "started": "2019/01/01 08:29:45.000",
    "lastUpdated": 8985.0,
    "allocatedId": "1b277f9c4801dd36a9525033"
  }
]