[
  {
    "id": "650bf57e0335464a8cb085c2",
    "description": "C2_TY_44_C2_U_UVR",
    "productId": "650bf57e0335464a8cb0856f",
    "plannedFinished": "2019/01/01 06:14:29.000",
    "finished": "2019/01/01 06:08:39.000",
    "started": "2019/01/01 06:08:18.000",
    "quality": 12.0,
    "lastUpdated": 519.0,
    "allocatedId": "490d21de5ae1d8face1ef8fc"
  },
  {
    "id": "650bf57e0335464a8cb08495",
    "description": "C2_MF_40_C2_U_UVL",
    "productId": "650bf57e0335464a8cb08443",
    "plannedFinished": "2019/01/01 06:14:50.000",
    "started": "2019/01/01 06:08:39.000",
    "lastUpdated": 519.0,
    "allocatedId": "490d21de5ae1d8face1ef8fc"
  }
]