[
  {
    "id": "650bf57d0335464a8cb06f7f",
    "description": "C3_JZ_10_C3_F2_CBU",
    "productId": "650bf57d0335464a8cb06f84",
    "plannedFinished": "2019/01/01 06:23:59.000",
    "finished": "2019/01/01 07:08:01.000",
    "started": "2019/01/01 07:07:52.000",
    "quality": 9.0,
    "lastUpdated": 4082.0,
    "allocatedId": "df768900947981f11bc3eba6"
  },
  {
    "id": "650bf57d0335464a8cb070d8",
    "description": "C3_ZD_84_C3_F2_CBU",
    "productId": "650bf57d0335464a8cb070dd",
    "plannedFinished": "2019/01/01 06:22:35.000",
    "started": "2019/01/01 07:08:01.000",
    "lastUpdated": 4082.0,
    "allocatedId": "df768900947981f11bc3eba6"
  }
]