[
  {
    "id": "650bfc670335464a8cb1931a",
    "description": "C2_R2_9_C2_E_E1",
    "productId": "650bfc670335464a8cb19317",
    "plannedFinished": "2019/01/01 07:53:20.000",
    "finished": "2019/01/01 08:27:29.000",
    "started": "2019/01/01 08:27:17.000",
    "quality": 8.0,
    "lastUpdated": 8849.0,
    "allocatedId": "f1987de3addc9193998b2324"
  },
  {
    "id": "650bfc670335464a8cb1931b",
    "description": "C2_R2_9_C2_E_E2",
    "productId": "650bfc670335464a8cb19317",
    "plannedFinished": "2019/01/01 07:53:38.000",
    "started": "2019/01/01 08:27:29.000",
    "lastUpdated": 8849.0,
    "allocatedId": "f1987de3addc9193998b2324"
  }
]