[
  {
    "id": "650bfd2c0335464a8cb1b901",
    "description": "C3_PC_55_C3_S2_INL",
    "productId": "650bfd2c0335464a8cb1b8b0",
    "plannedFinished": "2019/01/01 08:10:39.000",
    "finished": "2019/01/01 08:41:09.000",
    "started": "2019/01/01 08:41:00.000",
    "quality": 9.0,
    "lastUpdated": 9670.0,
    "allocatedId": "ddecbe314473609c55a9f110"
  },
  {
    "id": "650bfd2c0335464a8cb1b902",
    "description": "C3_PC_55_C3_S2_INR",
    "productId": "650bfd2c0335464a8cb1b8b0",
    "plannedFinished": "2019/01/01 08:10:48.000",
    "started": "2019/01/01 08:41:09.000",
    "lastUpdated": 9670.0,
    "allocatedId": "ddecbe314473609c55a9f110"
  }
]