[
  {
    "id": "650bf57b0335464a8cb057dc",
    "description": "C1_AA_87_C1_F3_HDL",
    "productId": "650bf57b0335464a8cb057c6",
    "plannedFinished": "2019/01/01 06:35:10.000",
    "finished": "2019/01/01 07:21:09.000",
    "started": "2019/01/01 07:20:59.000",
    "quality": 7.0,
    "lastUpdated": 4870.0,
    "allocatedId": "bfec9c1f025a40d511319fa0"
  },
  {
    "id": "650bf57b0335464a8cb057dd",
    "description": "C1_AA_87_C1_F3_HDR",
    "productId": "650bf57b0335464a8cb057c6",
    "plannedFinished": "2019/01/01 06:35:14.000",
    "started": "2019/01/01 07:21:09.000",
    "lastUpdated": 4870.0,
    "allocatedId": "bfec9c1f025a40d511319fa0"
  }
]