[
  {
    "id": "650bf57d0335464a8cb071be",
    "description": "C3_KQ_52_C3_F2_CBU",
    "productId": "650bf57d0335464a8cb071c3",
    "plannedFinished": "2019/01/01 06:19:11.000",
    "finished": "2019/01/01 06:20:53.000",
    "started": "2019/01/01 06:20:42.000",
    "quality": 11.0,
    "lastUpdated": 1253.0,
    "allocatedId": "490d21de5ae1d8face1ef8fc"
  },
  {
    "id": "650bf57d0335464a8cb070d0",
    "description": "C3_ZD_84_C3_F2_CF2ML",
    "productId": "650bf57d0335464a8cb070dd",
    "plannedFinished": "2019/01/01 06:12:00.000",
    "started": "2019/01/01 06:20:53.000",
    "lastUpdated": 1253.0,
    "allocatedId": "490d21de5ae1d8face1ef8fc"
  }
]