[
  {
    "id": "650bf57e0335464a8cb08310",
    "description": "C2_OR_31_C2_W1F_W1F4",
    "productId": "650bf57e0335464a8cb082b3",
    "plannedFinished": "2019/01/01 06:54:29.000",
    "finished": "2019/01/01 07:19:57.000",
    "started": "2019/01/01 07:19:45.000",
    "quality": 11.0,
    "lastUpdated": 4797.0,
    "allocatedId": "cdf423ea65722a555f0129f3"
  },
  {
    "id": "650bf57e0335464a8cb0830f",
    "description": "C2_OR_31_C2_W1F_W1FL",
    "productId": "650bf57e0335464a8cb082b3",
    "plannedFinished": "2019/01/01 06:54:44.000",
    "started": "2019/01/01 07:19:57.000",
    "lastUpdated": 4797.0,
    "allocatedId": "cdf423ea65722a555f0129f3"
  }
]