[
  {
    "id": "650bfbae0335464a8cb16cb0",
    "description": "C1_OO_38_C1_R3_RBR",
    "productId": "650bfbae0335464a8cb16c72",
    "plannedFinished": "2019/01/01 07:56:55.000",
    "finished": "2019/01/01 08:23:59.000",
    "started": "2019/01/01 08:23:54.000",
    "quality": 14.0,
    "lastUpdated": 8639.0,
    "allocatedId": "1f618283a6cca5c054d69449"
  },
  {
    "id": "650bfbae0335464a8cb16cb2",
    "description": "C1_OO_38_C1_R3_RBL",
    "productId": "650bfbae0335464a8cb16c72",
    "plannedFinished": "2019/01/01 07:56:59.000",
    "started": "2019/01/01 08:23:59.000",
    "lastUpdated": 8639.0,
    "allocatedId": "1f618283a6cca5c054d69449"
  }
]