[
  {
    "level": 2,
    "description": "C1_GK_98_C1_F2",
    "id": "650bf57c0335464a8cb0604f",
    "lastUpdated": 876.0,
    "locationEntityId": "b4dafa77ec709a0363f0a795"
  },
  {
    "level": 2,
    "description": "C1_AE_27_C1_F2",
    "id": "650bf57c0335464a8cb065a7",
    "lastUpdated": 876.0,
    "locationEntityId": "ff7b309b4b07a765414e2c96"
  },
  {
    "level": 2,
    "description": "C1_AE_27_C1_F2",
    "id": "650bf57c0335464a8cb065a7",
    "lastUpdated": 876.0,
    "locationEntityId": "216d1bbc000398592349835d"
  },
  {
    "level": 2,
    "description": "C2_SI_58_C2_R2",
    "id": "650bf57e0335464a8cb0853b",
    "lastUpdated": 876.0,
    "locationEntityId": "526a6853dd7c6c1d7fa9fde0"
  }
]