[
  {
    "level": 2,
    "description": "C1_EI_28_C1_R3",
    "id": "650bff140335464a8cb224a3",
    "lastUpdated": 10243.0,
    "locationEntityId": "66d18314b69cee9511a6f231"
  },
  {
    "level": 2,
    "description": "C3_EO_78_C3_R2",
    "id": "650bff150335464a8cb228ae",
    "lastUpdated": 10243.0,
    "locationEntityId": "0833be6a49f13959f036035b"
  },
  {
    "level": 2,
    "description": "C3_EO_78_C3_R2",
    "id": "650bff150335464a8cb228ae",
    "lastUpdated": 10243.0,
    "locationEntityId": "0b30a457fd41ee4da1d352b6"
  }
]