[
  {
    "level": 2,
    "description": "C3_PB_80_C3_R3",
    "id": "650c00880335464a8cb27779",
    "lastUpdated": 12705.0,
    "locationEntityId": "efb13219a395da79a05b81da"
  },
  {
    "level": 2,
    "description": "C3_PB_80_C3_R3",
    "id": "650c00880335464a8cb27779",
    "lastUpdated": 12705.0,
    "locationEntityId": "22017ea3369d9f402e021525"
  },
  {
    "level": 2,
    "description": "C3_UA_92_C3_R3",
    "id": "650bffdf0335464a8cb24f37",
    "lastUpdated": 12706.0,
    "locationEntityId": "efb13219a395da79a05b81da"
  },
  {
    "level": 2,
    "description": "C3_UA_92_C3_R3",
    "id": "650bffdf0335464a8cb24f37",
    "lastUpdated": 12706.0,
    "locationEntityId": "be8fc24b5e37a4076b97726b"
  }
]