[
  {
    "level": 2,
    "description": "C1_KN_87_C1_F2",
    "id": "650bf57c0335464a8cb0668b",
    "lastUpdated": 587.0,
    "locationEntityId": "523f20ba00d2f88618cac2ff"
  },
  {
    "level": 2,
    "description": "C1_KN_87_C1_F2",
    "id": "650bf57c0335464a8cb0668b",
    "lastUpdated": 587.0,
    "locationEntityId": "2fb37af7991b06567e35a484"
  },
  {
    "level": 2,
    "description": "C3_LL_79_C3_R2",
    "id": "650bf57d0335464a8cb07749",
    "lastUpdated": 587.0,
    "locationEntityId": "523f20ba00d2f88618cac2ff"
  }
]