[
  {
    "level": 2,
    "description": "C3_IP_33_C3_R2",
    "id": "650bfe020335464a8cb1e46c",
    "lastUpdated": 8592.0,
    "locationEntityId": "dfa8e517773ff21dbc907c45"
  },
  {
    "level": 2,
    "description": "C3_KZ_48_C3_R3",
    "id": "650bfd2c0335464a8cb1ba50",
    "lastUpdated": 8592.0,
    "locationEntityId": "523f20ba00d2f88618cac2ff"
  },
  {
    "level": 2,
    "description": "C3_KZ_48_C3_R3",
    "id": "650bfd2c0335464a8cb1ba50",
    "lastUpdated": 8592.0,
    "locationEntityId": "0b30a457fd41ee4da1d352b6"
  }
]