[
  {
    "level": 2,
    "description": "C3_TU_82_C3_F2",
    "id": "650bfe710335464a8cb203cd",
    "lastUpdated": 10101.0,
    "locationEntityId": "df768900947981f11bc3eba6"
  },
  {
    "level": 2,
    "description": "C3_HW_59_C3_R3",
    "id": "650bfe710335464a8cb20310",
    "lastUpdated": 10101.0,
    "locationEntityId": "e43ced6c7de359c059d66822"
  },
  {
    "level": 2,
    "description": "C3_IO_47_C3_R3",
    "id": "650bfe020335464a8cb1e406",
    "lastUpdated": 10101.0,
    "locationEntityId": "e01b53c86c00b2a018fd67aa"
  },
  {
    "level": 2,
    "description": "C3_IO_47_C3_R3",
    "id": "650bfe020335464a8cb1e406",
    "lastUpdated": 10101.0,
    "locationEntityId": "7f19f458ba7c823971350167"
  }
]