[
  {
    "level": 2,
    "description": "C1_EI_28_C1_R3",
    "id": "650bff140335464a8cb224a3",
    "lastUpdated": 10513.0,
    "locationEntityId": "e01b53c86c00b2a018fd67aa"
  },
  {
    "level": 2,
    "description": "C2_KX_0_C2_R2",
    "id": "650bffdf0335464a8cb25212",
    "lastUpdated": 10513.0,
    "locationEntityId": "e01b53c86c00b2a018fd67aa"
  },
  {
    "level": 2,
    "description": "C2_SL_43_C2_R2",
    "id": "650bffdf0335464a8cb251ae",
    "lastUpdated": 10536.0,
    "locationEntityId": "bde2020f25b72f7ecb984f15"
  }
]