[
  {
    "level": 2,
    "description": "C1_UQ_8_C1_F2",
    "id": "650bf57b0335464a8cb05bdb",
    "lastUpdated": 1549.0,
    "locationEntityId": "0833be6a49f13959f036035b"
  },
  {
    "level": 2,
    "description": "C1_UQ_8_C1_F2",
    "id": "650bf57b0335464a8cb05bdb",
    "lastUpdated": 1549.0,
    "locationEntityId": "d528621ed487dc49896718b7"
  },
  {
    "level": 2,
    "description": "C3_NA_54_C3_F2",
    "id": "650bf57d0335464a8cb074e8",
    "lastUpdated": 1549.0,
    "locationEntityId": "aadfcdf6ec4fdef76ea7ee9c"
  }
]