[
  {
    "level": 2,
    "agvIds": [
      "7d222419a1734c0c918d07a6",
      "16ba4afa994af86a15142697",
      "86458d3c3942d3853e539a38",
      "84b6fc5cb3f15213d1e1e481",
      "c345c97002c1d7bd702a1e1d"
    ],
    "children": [
      {
        "level": 3,
        "id": "6239eab0b1bb07fa88ecc5a2",
        "lastUpdated": 0.0
      },
      {
        "level": 3,
        "id": "dfebad951056bfa43248fb29",
        "lastUpdated": 0.0
      },
      {
        "level": 3,
        "id": "0b3776457d79619839e13221",
        "lastUpdated": 0.0
      }
    ],
    "id": "d4606c090f71b6025eb43e67",
    "parentId": "e209545213d1a6a070d7029c",
    "xCoordinate": 82,
    "yCoordinate": 54,
    "description": "S1",
    "lastUpdated": 0.0
  }
]