[
  {
    "level": 2,
    "agvIds": [
      "9746e2ef006f6db9b27c20f3",
      "2e69c389b0ee7a302fc7056c",
      "d7dca4be0481d47bef228401",
      "8e1fa706e997abf8218fab0e",
      "a00489e304e78c0bd4c4ac02"
    ],
    "children": [
      {
        "level": 3,
        "id": "9e198cf8cd73b25b153ce27d",
        "lastUpdated": 0.0
      },
      {
        "level": 3,
        "id": "fbefdec2f0015c2c45d7356f",
        "lastUpdated": 0.0
      }
    ],
    "id": "cad913497edf57b5d06a43ba",
    "parentId": "e209545213d1a6a070d7029c",
    "xCoordinate": 90,
    "yCoordinate": 74,
    "description": "F1",
    "lastUpdated": 0.0
  }
]