[
  {
    "level": 2,
    "agvIds": [
      "469ec2d161bf4c730b5e631a",
      "526a6853dd7c6c1d7fa9fde0",
      "e79fc7766c59ed46e0b4360b",
      "b4dafa77ec709a0363f0a795",
      "1aa522f6c32259874f36b37f"
    ],
    "children": [
      {
        "level": 3,
        "id": "5bbcb9c1d09e551d4bbfff3d",
        "lastUpdated": 0.0
      },
      {
        "level": 3,
        "id": "ef85a79f0ef70cc4c249c7cd",
        "lastUpdated": 0.0
      },
      {
        "level": 3,
        "id": "a343ca34a020603a9b46f3ca",
        "lastUpdated": 0.0
      },
      {
        "level": 3,
        "id": "c3ca25d4a5b7fe7abf0b82da",
        "lastUpdated": 0.0
      },
      {
        "level": 3,
        "id": "6fd04c35a3b40bace72c982c",
        "lastUpdated": 0.0
      },
      {
        "level": 3,
        "id": "490d21de5ae1d8face1ef8fc",
        "lastUpdated": 0.0
      }
    ],
    "id": "ff7b309b4b07a765414e2c96",
    "parentId": "e209545213d1a6a070d7029c",
    "xCoordinate": 82,
    "yCoordinate": 75,
    "description": "F2",
    "lastUpdated": 0.0
  }
]