[
  {
    "level": 2,
    "agvIds": [
      "788850a5964961d8bfd7b9fe",
      "a61b77fcec96a765e7b745e9",
      "bde2020f25b72f7ecb984f15",
      "aedbcb01b3c7221d0aab34c7",
      "aadfcdf6ec4fdef76ea7ee9c"
    ],
    "children": [
      {
        "level": 3,
        "id": "66d18314b69cee9511a6f231",
        "lastUpdated": 0.0
      },
      {
        "level": 3,
        "id": "0c0ce48a2e2d2b3bf60a0238",
        "lastUpdated": 0.0
      },
      {
        "level": 3,
        "id": "c33a0a4a5f8380577dff91ec",
        "lastUpdated": 0.0
      },
      {
        "level": 3,
        "id": "1b277f9c4801dd36a9525033",
        "lastUpdated": 0.0
      },
      {
        "level": 3,
        "id": "f62a2ae2729866c28ffd04fa",
        "lastUpdated": 0.0
      }
    ],
    "id": "0833be6a49f13959f036035b",
    "parentId": "e209545213d1a6a070d7029c",
    "xCoordinate": 88,
    "yCoordinate": 41,
    "description": "R2",
    "lastUpdated": 0.0
  }
]