[
  {
    "level": 2,
    "agvIds": [
      "dea0c4e95ef8270cb3feaa4d",
      "c8454812326ed4c5aa9f6aad",
      "a23c522f3c2a70b9f6dfd5df",
      "b978780ba78e4ea7a5e30bcf",
      "a8270df4d58796f5d3966ce2"
    ],
    "children": [
      {
        "level": 3,
        "id": "f9f205d64e55bd2cc2dd0ec4",
        "lastUpdated": 0.0
      },
      {
        "level": 3,
        "id": "8f9e8c99cb96805cbecec2c6",
        "lastUpdated": 0.0
      },
      {
        "level": 3,
        "id": "7454c32cca8e5c7e6c9d086e",
        "lastUpdated": 0.0
      },
      {
        "level": 3,
        "id": "4a9792d0bc9f23607a12615b",
        "lastUpdated": 0.0
      }
    ],
    "id": "1d0c70029b65ccd22208e289",
    "parentId": "e209545213d1a6a070d7029c",
    "xCoordinate": 111,
    "yCoordinate": 37,
    "description": "R1",
    "lastUpdated": 0.0
  }
]