[
  {
    "level": 2,
    "agvIds": [
      "a158a3bf57023ddac227200d",
      "a69e2dee753c8633660df9de",
      "0ecc2d90f423784c82c7c68a",
      "0e032da7b630500789acb6cb",
      "dfa8e517773ff21dbc907c45"
    ],
    "children": [
      {
        "level": 3,
        "id": "bfec9c1f025a40d511319fa0",
        "lastUpdated": 0.0
      },
      {
        "level": 3,
        "id": "a2c97eddb674a08bf3b901d2",
        "lastUpdated": 0.0
      },
      {
        "level": 3,
        "id": "58be3a730f8c44bd2575bc61",
        "lastUpdated": 0.0
      },
      {
        "level": 3,
        "id": "1f618283a6cca5c054d69449",
        "lastUpdated": 0.0
      }
    ],
    "id": "523f20ba00d2f88618cac2ff",
    "parentId": "e209545213d1a6a070d7029c",
    "xCoordinate": 65,
    "yCoordinate": 35,
    "description": "W1R",
    "lastUpdated": 0.0
  }
]