[
  {
    "level": 2,
    "agvIds": [
      "cce612ea3d8041e8399be691",
      "44dc11be2488831ac517037b",
      "7c3367057d48c1cba91c809a",
      "53099f28576f91876185658b",
      "e7ea9d0331711a04a5e85bc9"
    ],
    "children": [
      {
        "level": 3,
        "id": "68a852acc8bbb4383b1f912a",
        "lastUpdated": 0.0
      },
      {
        "level": 3,
        "id": "4af1e8dad2dd594db47bf466",
        "lastUpdated": 0.0
      }
    ],
    "id": "51130f03a707b8c50d8adfbd",
    "parentId": "e209545213d1a6a070d7029c",
    "xCoordinate": 116,
    "yCoordinate": 90,
    "description": "R4",
    "lastUpdated": 0.0
  }
]