[
  {
    "level": 2,
    "agvIds": [
      "20a5c48d027278902d01d7fb",
      "5a9ba42c24bfd58cb7ca6cf1",
      "e5e7f5564ebde6d805fa6658",
      "4bcd5b6500559d1c856d6860",
      "7742798e001352ebcbdc9a33"
    ],
    "children": [
      {
        "level": 3,
        "id": "6a51ba4c14b81b33e4e8ffd2",
        "lastUpdated": 0.0
      },
      {
        "level": 3,
        "id": "8d7796e27decfbde56c1145e",
        "lastUpdated": 0.0
      },
      {
        "level": 3,
        "id": "b334c97671d58fd8781d35a1",
        "lastUpdated": 0.0
      },
      {
        "level": 3,
        "id": "ea54ce3a6336969757ea6b88",
        "lastUpdated": 0.0
      },
      {
        "level": 3,
        "id": "33e79fa39488c0b1eddf6de2",
        "lastUpdated": 0.0
      },
      {
        "level": 3,
        "id": "f4d62cf896a03f8bc5637c57",
        "lastUpdated": 0.0
      }
    ],
    "id": "87a6617421f32084ed087154",
    "parentId": "e209545213d1a6a070d7029c",
    "xCoordinate": 100,
    "yCoordinate": 90,
    "description": "F3",
    "lastUpdated": 0.0
  }
]