[
  {
    "level": 2,
    "agvIds": [
      "b034ead6b5597d5be7decf9f",
      "b11aa7b00cff06f226c0d4fa",
      "a57cb9babd32993235c1f356",
      "c1f7127c16d12df2a67c4f4c",
      "50b5f1a54f4852766d95f01d"
    ],
    "children": [
      {
        "level": 3,
        "id": "cdf423ea65722a555f0129f3",
        "lastUpdated": 0.0
      },
      {
        "level": 3,
        "id": "99b52d4232098f67babde62d",
        "lastUpdated": 0.0
      },
      {
        "level": 3,
        "id": "5d452e7a2b0121393aa79fdc",
        "lastUpdated": 0.0
      }
    ],
    "id": "1da4df7d15da4fff5ed0dcc3",
    "parentId": "e209545213d1a6a070d7029c",
    "xCoordinate": 57,
    "yCoordinate": 53,
    "description": "W1F",
    "lastUpdated": 0.0
  }
]