[
  {
    "level": 2,
    "agvIds": [
      "941e873c19f535245f29360c",
      "401b7cadc70f90d52b1525f2",
      "474bfd25a0b71bc9d8dff46e",
      "3602d9c7813ff4178966fc3c",
      "179db8c492579aef6be7c4a3"
    ],
    "children": [
      {
        "level": 3,
        "id": "9a56e261ce0e867b60ef2a12",
        "lastUpdated": 0.0
      },
      {
        "level": 3,
        "id": "0d278daeaab83b10202b1c5e",
        "lastUpdated": 0.0
      },
      {
        "level": 3,
        "id": "92b96e53db6cdb8d116e22f4",
        "lastUpdated": 0.0
      },
      {
        "level": 3,
        "id": "9ef526464e0053eb1ab54b96",
        "lastUpdated": 0.0
      },
      {
        "level": 3,
        "id": "1709a65bc4d7b30a92437568",
        "lastUpdated": 0.0
      }
    ],
    "id": "90f7bbaf9a480ab388370792",
    "parentId": "e209545213d1a6a070d7029c",
    "xCoordinate": 57,
    "yCoordinate": 74,
    "description": "U",
    "lastUpdated": 0.0
  }
]