[
  {
    "level": 2,
    "agvIds": [
      "006048d3fadcd07304490d9f",
      "85d27c2a2d504cbc94c4cf93",
      "cb6ccf7d89afd4d3a540b3ca",
      "19a9a1b8647158007a763c71",
      "00dac64dd9328b4467b626ac"
    ],
    "children": [
      {
        "level": 3,
        "id": "a9256d08c7fe739ee11840ac",
        "lastUpdated": 0.0
      },
      {
        "level": 3,
        "id": "ad4ff36080c131b580f068cf",
        "lastUpdated": 0.0
      },
      {
        "level": 3,
        "id": "7dc58ab391f497bd93c86283",
        "lastUpdated": 0.0
      }
    ],
    "id": "6ebfee2f422a9f7f02ebadd1",
    "parentId": "e209545213d1a6a070d7029c",
    "xCoordinate": 83,
    "yCoordinate": 94,
    "description": "F4",
    "lastUpdated": 0.0
  }
]