[
  {
    "level": 2,
    "agvIds": [
      "b5f9df7f2f24c0907ca8b26f",
      "493d3397dc4fea4ea8b04a34",
      "ba52482cb4500196880e89de",
      "8bccbfe5728dc980234cf5e6",
      "7696d72bc1287f56fa37bd3f"
    ],
    "children": [
      {
        "level": 3,
        "id": "473ba469ac83eefc410323fa",
        "lastUpdated": 0.0
      },
      {
        "level": 3,
        "id": "ab338a7f0448b3bd38e8d550",
        "lastUpdated": 0.0
      },
      {
        "level": 3,
        "id": "a14d7daef6c3e007be5c3d79",
        "lastUpdated": 0.0
      }
    ],
    "id": "54cc0e54328883714ca693b7",
    "parentId": "e209545213d1a6a070d7029c",
    "xCoordinate": 57,
    "yCoordinate": 36,
    "description": "W1",
    "lastUpdated": 0.0
  }
]