[
  {
    "level": 2,
    "agvIds": [
      "537f07b6267655534da91f8f",
      "079a019f95e7437618f53e70",
      "6d869ea26c34e67257953136",
      "83771b0c82ab5b7b5c93efa1",
      "9a230cbc2b41497b01d767e0"
    ],
    "children": [
      {
        "level": 3,
        "id": "e25857048d0aa8c5267add45",
        "lastUpdated": 0.0
      },
      {
        "level": 3,
        "id": "df55238f94952ea90eced974",
        "lastUpdated": 0.0
      },
      {
        "level": 3,
        "id": "169f91ffac67efe89a0a8adf",
        "lastUpdated": 0.0
      },
      {
        "level": 3,
        "id": "bc846dc49512c963188a24b0",
        "lastUpdated": 0.0
      },
      {
        "level": 3,
        "id": "1a7f563f43c22f011187fc50",
        "lastUpdated": 0.0
      },
      {
        "level": 3,
        "id": "c45d857a0f1fa6f552ed9151",
        "lastUpdated": 0.0
      }
    ],
    "id": "5aab0b741b7ae05c5600bf5b",
    "parentId": "e209545213d1a6a070d7029c",
    "xCoordinate": 123,
    "yCoordinate": 66,
    "description": "R3",
    "lastUpdated": 0.0
  }
]