[
  {
    "level": 2,
    "agvIds": [
      "5e615738bd4f8e5aa98ba228",
      "ab8e953333406e4daca53dc9",
      "88ea4e78e19c4e08e5e06af7",
      "4c09dff73215bd35edd3ccfc",
      "df4666e397d1a9b41e496686"
    ],
    "children": [
      {
        "level": 3,
        "id": "c406745e13355bf76dc088dc",
        "lastUpdated": 0.0
      },
      {
        "level": 3,
        "id": "3a88f2dd95b4dcd536cb81a9",
        "lastUpdated": 0.0
      },
      {
        "level": 3,
        "id": "cf87d7b62f9b760d76702994",
        "lastUpdated": 0.0
      },
      {
        "level": 3,
        "id": "ddecbe314473609c55a9f110",
        "lastUpdated": 0.0
      },
      {
        "level": 3,
        "id": "6dd9fb32a8031a985516c7bd",
        "lastUpdated": 0.0
      }
    ],
    "id": "df6e12cfc3f01dae9085bd24",
    "parentId": "e209545213d1a6a070d7029c",
    "xCoordinate": 59,
    "yCoordinate": 98,
    "description": "S2",
    "lastUpdated": 0.0
  }
]