[
  {
    "level": 2,
    "agvIds": [
      "e63d8f1d7983feaa6a810aa5",
      "d58419f46c5759092b4f9244",
      "4214c3738aad39f9032e2595",
      "6d366858c182ceead747a660",
      "e43ced6c7de359c059d66822"
    ],
    "children": [
      {
        "level": 3,
        "id": "926e1128aeeab70140df224d",
        "lastUpdated": 0.0
      },
      {
        "level": 3,
        "id": "b404ef9d208f344dcf292f4f",
        "lastUpdated": 0.0
      },
      {
        "level": 3,
        "id": "df768900947981f11bc3eba6",
        "lastUpdated": 0.0
      },
      {
        "level": 3,
        "id": "d84914705f8d02af00613f51",
        "lastUpdated": 0.0
      }
    ],
    "id": "e01b53c86c00b2a018fd67aa",
    "parentId": "e209545213d1a6a070d7029c",
    "xCoordinate": 111,
    "yCoordinate": 53,
    "description": "L",
    "lastUpdated": 0.0
  }
]