[
  {
    "level": 2,
    "agvIds": [
      "cd6b32efa8ad1d54611e09d0",
      "c056e210cd0658501927dcce",
      "025cddb4e4cbcce8c0dd9454",
      "88d4c139c80aac04e89a728e",
      "14f1a3a5a4e8cd068e6a515f"
    ],
    "children": [
      {
        "level": 3,
        "id": "bce79d39a660e56b5b142095",
        "lastUpdated": 0.0
      },
      {
        "level": 3,
        "id": "f1987de3addc9193998b2324",
        "lastUpdated": 0.0
      }
    ],
    "id": "efb13219a395da79a05b81da",
    "parentId": "e209545213d1a6a070d7029c",
    "xCoordinate": 89,
    "yCoordinate": 53,
    "description": "E",
    "lastUpdated": 0.0
  }
]